almaMmsId	hbzId	zdbId
990105236120206441; 990220542030206441	HT012371059; HT019548072	1003673-8
990105236550206441; 990155343530206441	HT012371102; HT014942325	1003721-4
990105237090206441; 990220618370206441	HT012371156; HT019555671	1003788-3
990105237120206441; 990220513380206441	HT012371159; HT019545207	1003791-3
990105237190206441; 990220507530206441	HT012371166; HT019544632	1003799-8
990105260160206441; 990206509400206441	HT012373463; HT018509880	1006551-9
990105260320206441; 990212877870206441	HT012373479; HT019058369	1006571-4
990105296610206441; 990140572810206441	HT012377108; TT001153081	1011484-1
990105315560206441; 990207992090206441	HT012379003; HT018640121	1014123-6
990053929600206441; 990203882710206441	HT011200509; HT018262154	1019841-6
990055869390206441; 990214188430206441	HT007034879; HT019157004	1024704-X
990105446270206441; 990136405680206441	HT012392074; HT014425017	1031453-2
990055879130206441; 990139496000206441	HT007036045; HT014505770	1032038-6
990105591350206441; 990188304490206441	HT012406582; HT016939205	1050640-8
990105605900206441; 990211021980206441	HT012408037; HT018931314	1052774-6
990105642590206441; 990205195600206441	HT012411706; HT018385589	1058132-7
990105666260206441; 990183211390206441	HT012414073; HT016619403	1061465-5
990105666550206441; 990144654160206441	HT012414102; HT014671707	1061506-4
990056319080206441; 990363337300206441	HT007330261; HT020141913	1062750-9
990105736210206441; 990213898170206441	HT012421068; HT019128060	1071533-2
990105770440206441; 990194990380206441	HT012424491; HT017583635	1076959-6
990105781680206441; 990190592790206441	HT012425615; HT017152774	1078635-1
990105832230206441; 990211247440206441	HT012430670; HT018953797	1085431-9
990105843540206441; 990163981880206441	HT012431801; HT015375385	1087057-X
990105863530206441; 990140072850206441	HT012433800; TT001103463	1089695-8
990105865840206441; 990203369250206441	HT012434031; HT018214867	1089995-9
990105866870206441; 990144805980206441	HT012434134; HT014687039	1090160-7
990105874980206441; 990140494920206441	HT012434945; TT001145316	1091335-X
990105881360206441; 990218195960206441	HT012435583; HT019317873	1092240-4
990053937420206441; 990227709670206441	HT011201384; HT019962762	1093813-8
990105919500206441; 990154714160206441	HT012439397; HT014883143	1098002-7
990105925040206441; 990186875010206441	HT012439951; HT016799389	1098757-5
990105944280206441; 990219711710206441	HT012441875; HT019466582	1101411-8
990105953990206441; 990365975020206441	HT012442846; HT020404717	1102705-8
990105955840206441; 990155723100206441	HT012443031; HT014980618	1102975-4
990105982340206441; 990172068390206441	HT012445681; HT015764388	1107074-2
990105984090206441; 99371348095906441	HT012445856; HT021368155	1107345-7
990106025980206441; 990364689570206441	HT012450045; HT020276562	1113325-9
990106093800206441; 990366390070206441	HT012456827; HT020446247	1121876-9
990106122930206441; 990170772150206441	HT012459740; HT015634024	1125702-7
990106123560206441; 990207860460206441	HT012459803; HT018628090	1125784-2
990106133410206441; 990197811600206441	HT012460788; HT017720832	1127129-2
990106144410206441; 990173754150206441	HT012461888; HT015859244	1128592-8
990054420390206441; 990181816550206441	HT004398346; HT016483282	1137804-9
990106290370206441; 990210990070206441	HT012476484; HT018928114	1147904-8
990106304820206441; 990178190270206441	HT012477929; HT016202552	1149790-7
990106307420206441; 990198575410206441	HT012478189; HT017792559	1150175-3
990106314060206441; 990207711820206441	HT012478853; HT018613355	1151067-5
990106315720206441; 990211369350206441	HT012479019; HT018966049	1151290-8
990106365730206441; 990218098310206441	HT012484020; HT019308154	1157605-4
990106390370206441; 990228214620206441	HT012486484; HT020012996	1160789-0
990106412760206441; 990204115930206441	HT012488723; HT018283538	1163692-0
990053507300206441; 990053946200206441	HT007061646; HT011202336	1165659-1
990106479000206441; 990177522850206441	HT012495347; HT016141461	1171909-6
990106479030206441; 990177522930206441	HT012495350; HT016141473	1171912-6
990054583460206441; 990117312400206441	HT006181393; HT013407776	1172149-2
990106521740206441; 990212727900206441	HT012499621; HT019043571	1177256-6
990101818690206441; 990212517920206441	HT012029316; HT019022663	11793-6
990106573740206441; 990166512380206441	HT012504821; HT015542190	1183962-4
990106596480206441; 990188857030206441	HT012507095; HT016985512	1186848-X
990106665510206441; 990193135420206441	HT012513998; HT017402691	1196099-1
990053949890206441; 990198672710206441	HT011202751; HT017801941	1199266-9
990106691380206441; 990217747810206441	HT012516585; HT019273518	1199381-9
990106691510206441; 990198671220206441	HT012516598; HT017801788	1199395-9
990054157610206441; 990113024220206441	HT002197493; HT012975342	120129-3
990106717380206441; 990194698580206441	HT012519185; HT017554917	1202821-6
990106773790206441; 990176872440206441	HT012524826; HT016081737	1210505-3
990106784850206441; 990202591820206441	HT012525932; HT018141333	1212107-1
990106807010206441; 990202614620206441	HT012528148; HT018143215	1215012-5
990106815630206441; 990173461010206441	HT012529010; HT015830725	1216200-0
990106846230206441; 990194110130206441	HT012532070; HT017497713	1220284-8
990106871190206441; 990194440320206441	HT012534566; HT017529743	1223659-7
990106910700206441; 990199048640206441	HT012538517; HT017839080	1228723-4
990054097150206441; 990205600630206441	HT001390868; HT018424373	123576-X
990101828350206441; 990189856240206441	HT012030282; HT017082452	12439-4
990107021020206441; 990207520590206441	HT012549549; HT018606811	1244600-2
990107067040206441; 990219557830206441	HT012554151; HT019451725	1254333-0
990107156770206441; 990208106660206441	HT012563124; HT018651519	1269250-5
990107240520206441; 990217744670206441	HT012571499; HT019273199	1282396-X
990107478680206441; 990214412580206441	HT012595315; HT019179226	1317627-4
990053527890206441; 990053957280206441	HT007202298; HT011203569	1318636-X
990107492630206441; 990218909330206441	HT012596710; HT019387320	1319495-1
990107542470206441; 990210866900206441	HT012601694; HT018915772	1327116-7
990107719920206441; 990213595290206441	HT012619439; HT019097905	1352214-0
990056335230206441; 990121278120206441	HT007376225; HT013807431	1354602-8
990107857630206441; 990184571830206441	HT012633210; HT016751522	1371141-6
990108124070206441; 990192307040206441	HT012659854; HT017320788	1405675-6
990108176270206441; 990186668330206441	HT012665074; HT016779069	1412205-4
990056473410206441; 990132735140206441	HT008084732; HT014142512	1412513-4
990108188060206441; 990187604890206441	HT012666253; HT016870736	1413688-0
990108396720206441; 990177301730206441	HT012687119; HT016124316	1439620-8
990108422900206441; 990181120410206441	HT012689737; HT016418346	1442912-3
990108431250206441; 990217855700206441	HT012690572; HT019284190	1443977-3
990108737020206441; 990173342860206441	HT012721149; HT015818730	1483784-5
990102372390206441; 99370725906506441	HT012084686; HT020883004	150471-X
990102445670206441; 990197808770206441	HT012092014; HT017720538	184568-8
990052923110206441; 990102457270206441	HT002158321; HT012093174	187421-4
990102464800206441; 990206172130206441	HT012093927; HT018478034	188977-1
990102469200206441; 990204601250206441	HT012094367; HT018329369	189930-2
990052787740206441; 990102475850206441	HT001257565; HT012095032	191168-5
990053781130206441; 990366242060206441	HT011183873; HT020431408	191191-0
990053783830206441; 990217524060206441	HT011184163; HT019251405	194368-6
990102496600206441; 990210418340206441	HT012097107; HT018870779	194901-9
990102522160206441; 990179013290206441	HT012099663; HT016283974	198795-1
990113130040206441; 990181460170206441	HT012985940; HT016451726	2009802-9
990113164210206441; 990228194530206441	HT012989357	2013394-7
990113329250206441; 990197495730206441	HT013005963; HT017702776	2019798-6
990054801490206441; 99374608227406441	HT006906631	202325-8
990102528690206441; 990177543130206441	HT012100316; HT016143511	202350-7
990113455990206441; 990180901570206441	HT013018676; HT016396406	2027637-0
990113501220206441; 990188402310206441	HT013023209; HT016948212	2031272-6
990113541690206441; 990193128520206441	HT013027270; HT017401993	2034201-9
990113643100206441; 990159316030206441	HT013037424; HT015223928	2042214-3
990054066380206441; 990223466280206441	HT001373313; HT019626346	204427-4
990113284180206441; 990177792390206441	HT013001436; HT016168378	2047383-7
990054460200206441; 990118079820206441	HT005060662; HT013484132	205121-7
990114174030206441; 990195164280206441	HT013090888; HT017600610	2051979-5
990114290840206441; 990205353780206441	HT013102677; HT018400937	2053805-4
990115127090206441; 990188399760206441	HT013186936; HT016947972	2060983-8
990115346080206441; 990228568830206441	HT013209012; HT020048276	2062259-4
990115348050206441; 990210362100206441	HT013209209; HT018865152	2062459-1
990116300860206441; 990182384000206441	HT013305381; HT016538671	2074518-7
990116948780206441; 990187543010206441	HT013370955; HT016864566	2080402-7
990117331270206441; 99374990582306441	HT013409677	2084172-3
990118334340206441; 990202669670206441	HT013509473; HT018148623	2093233-9
990119386120206441; 990156767010206441	HT013615948; HT015062170	2103863-6
990119467960206441; 990159427230206441	HT013624222; HT015235200	2104602-5
990119554770206441; 990191424840206441	HT013633015; HT017234411	2105450-2
990120062870206441; 990219298780206441	HT013684462; HT019425864	2110070-6
990120065510206441; 990182818620206441	HT013684726; HT016580739	2110337-9
990120618020206441; 990190904220206441	HT013740661; HT017183102	2114622-6
990120790310206441; 990194762950206441	HT013758086; HT017561365	2116073-9
990121043250206441; 990193909660206441	HT013783693; HT017477812	2117828-8
990121362300206441; 990228722640206441	HT013815958; HT020063653	2121596-0
990121511680206441; 990188901020206441	HT013831067; HT016989826	2124189-2
990121512210206441; 990198528230206441	HT013831120; HT017788128	2124243-4
990121796270206441; 990177672770206441	HT013859837; HT016156281	2127075-2
990121944600206441; 990220513910206441	HT013874836; HT019545261	2129421-5
990102548170206441; 990208849250206441	HT012102264; HT018725586	213036-1
990124376580206441; 990227383810206441	HT013889376; HT019930423	2130498-1
990124803230206441; 990211159380206441	HT013932537; HT018945079	2135448-0
990124936970206441; 990191523060206441	HT013946080; HT017243901	2136248-8
990054837170206441; 990171127670206441	HT006911832; HT015670093	213943-1
990125253810206441; 990182553960206441	HT013978110; HT016555693	2139900-1
990125256910206441; 990218259480206441	HT013978420; HT019323252	2140211-5
990125257180206441; 990191927220206441	HT013978447; HT017283591	2140239-5
990125266440206441; 990182362550206441	HT013979373; HT016536579	2141187-6
990125318250206441; 990180601760206441	HT013984607; HT016366710	2141879-2
990125320200206441; 990190362050206441	HT013984802; HT017130616	2142078-6
990126240380206441; 990210009600206441	HT014011683; HT018831111	2143859-6
990131937300206441; 990170808490206441	HT014061667; HT015637699	2149210-4
990132863020206441; 990219695280206441	HT014155445; HT019464934	2150299-7
990054841690206441; 990220365750206441	HT006912420; HT019530453	215250-2
990132986220206441; 990209727090206441	HT014167865; HT018802664	2155446-8
990133009910206441; 990178952020206441	HT014170245; HT016277797	2157106-5
990133041220206441; 990219930970206441	HT014173376; HT019486886	2160490-3
990133046300206441; 990182430380206441	HT014173884; HT016543307	2161042-3
990133048440206441; 990368122120206441	HT014174098; HT020618841	2161285-7
990133058840206441; 990206029060206441	HT014175138; HT018465508	2162406-9
990133139500206441; 990178063730206441	HT014183262; HT016190580	2165687-3
990133143770206441; 990177666660206441	HT014183689; HT016155662	2166120-0
990133197990206441; 990171418760206441	HT014189204; HT015698910	2166301-4
990133203000206441; 990183208090206441	HT014189705; HT016619070	2166832-2
990133204940206441; 990187240990206441	HT014189899; HT016834920	2167042-0
990133205710206441; 990186943350206441	HT014189976; HT016805800	2167121-7
990133278540206441; 990228754090206441	HT014197379; HT020066806	2167815-7
990133351620206441; 990186917140206441	HT014204778; HT016803136	2168670-1
990133485390206441; 990186714840206441	HT014218324; HT016783710	2169571-4
990133487860206441; 990206607710206441	HT014218571; HT018518970	2169838-7
990133491640206441; 990207780700206441	HT014218949; HT018620115	2170232-9
990133554010206441; 990193430300206441	HT014225243; HT017431577	2170537-9
990133555330206441; 990187077100206441	HT014225375; HT016819189	2170679-7
990133924330206441; 990206716260206441	HT014262712; HT018529785	2174500-6
990133997420206441; 990164498440206441	HT014270128; HT015407119	2175340-4
990134065170206441; 990187791870206441	HT014276993; HT016888788	2176594-7
990134219950206441; 990217851700206441	HT014292676; HT019283788	2178393-7
990134446750206441; 990181459730206441	HT014315607; HT016451682	2180476-X
990134512330206441; 990364782200206441	HT014322227; HT020285795	2181614-1
990135660610206441; 990367997120206441	HT014349469; HT020606342	2185002-1
990135661100206441; 990175636660206441	HT014349518; HT015984734	2185053-7
990135661610206441; 990175577360206441	HT014349569; HT015978780	2185105-0
990135785540206441; 990203228860206441	HT014362128; HT018201297	2186512-7
990135854400206441; 990177276430206441	HT014369094; HT016121758	2187294-6
990136036090206441; 990177702890206441	HT014387465; HT016159334	2188717-2
990136042050206441; 990206000300206441	HT014388061; HT018462678	2189354-8
990136187230206441; 990173387410206441	HT014402899; HT015823241	2191224-5
990136187530206441; 990176647280206441	HT014402929; HT016059123	2191256-7
990136350020206441; 990206631950206441	HT014419374; HT018521337	2192620-7
990136551980206441; 990193226730206441	HT014439831; HT017411297	2195108-1
990138963060206441; 990223636880206441	HT014451939; HT019643379	2196006-9
990139173180206441; 990188565570206441	HT014473174; HT016963665	2199854-1
990139174450206441; 990190831470206441	HT014473301; HT017176013	2200009-4
990139371050206441; 990187953180206441	HT014493147; HT016904910	2201757-4
990139373910206441; 990164214890206441	HT014493433; HT015398940	2202054-8
990139561580206441; 990189475010206441	HT014512409; HT017045473	2205223-9
990139695950206441; 990177292820206441	HT014526010; HT016123420	2206082-0
990139783460206441; 990204557280206441	HT014534857; HT018325132	2207305-X
990139839370206441; 990208822830206441	HT014540519; HT018722932	2207964-6
990139840830206441; 990182175140206441	HT014540665; HT016518382	2208122-7
990142874480206441; 990220459050206441	HT014555506; HT019539795	2208457-5
990142880340206441; 990219601940206441	HT014556092; HT019456155	2209069-1
990142887930206441; 990176941690206441	HT014556851; HT016088777	2209865-3
990143035470206441; 990202077840206441	HT014571770; HT018093115	2211626-6
990143171650206441; 990166931320206441	HT014585534; HT015563506	2213024-X
990143176010206441; 990179110450206441	HT014585970; HT016293781	2213492-X
990143373210206441; 990181322800206441	HT014605886; HT016438008	2215200-3
990143460390206441; 990214775330206441	HT014614686; HT019214783	2217145-9
990101895140206441; 990171967600206441	HT012036961; HT015754187	22174-0
990143552300206441; 990179468220206441	HT014622374; HT016310970	2218186-6
990143626140206441; 99370952147606441	HT014629843; HT021060320	2218519-7
990054862500206441; 990210189130206441	HT006915369; HT018848724	221918-9
990143632830206441; 990189275630206441	HT014630512; HT017025721	2219228-1
990144397610206441; 990217479660206441	HT014645817; HT019246996	2220328-X
990144403490206441; 990191145780206441	HT014646405; HT017206691	2220935-9
990144404540206441; 99375061388206441	HT014646510	2221044-1
990144478430206441; 990170584500206441	HT014653964; HT015615210	2222399-X
990144478570206441; 990190646300206441	HT014653978; HT017157595	2222413-0
990144537690206441; 990172163400206441	HT014659946; HT015774028	2223368-4
990144540650206441; 990175701180206441	HT014660242; HT015991246	2223682-X
990144691390206441; 990205287700206441	HT014675472; HT018394454	2225529-1
990144692420206441; 990178322160206441	HT014675575; HT016215511	2225644-1
990144766790206441; 990211542570206441	HT014683087; HT018983284	2226795-5
990144838070206441; 990174722170206441	HT014690287; HT015942393	2227906-4
990147827510206441; 990181831100206441	HT014714659; HT016484733	2231881-1
990147827620206441; 990184269930206441	HT014714670; HT016721887	2231892-6
990147830910206441; 990197455510206441	HT014714999; HT017698796	2232234-6
990147947410206441; 990171488910206441	HT014726793; HT015706011	2233561-4
990151138080206441; 990196864000206441	HT014734549; HT017649594	2234909-1
990151189690206441; 990165387780206441	HT014739758; HT015494772	2235517-0
990151196420206441; 990181448150206441	HT014740431; HT016450508	2236217-4
990052908480206441; 990102568870206441	HT002155244; HT012104334	223635-7
990151261650206441; 990190405830206441	HT014747007; HT017134975	2236649-0
990151319540206441; 990195374170206441	HT014752853; HT017621572	2237903-4
990151368570206441; 990190050580206441	HT014757817; HT017100475	2238555-1
990151501310206441; 990188322630206441	HT014771226; HT016940338	2239705-X
990151576410206441; 990196819300206441	HT014778825; HT017645117	2240663-3
990151580810206441; 990180448150206441	HT014779265; HT016351252	2241114-8
990153812430206441; 990212587930206441	HT014793049; HT019029591	2242434-9
990153819020206441; 990157046260206441	HT014793708; HT015083045	2243112-3
990153819580206441; 990183807020206441	HT014793764; HT016678183	2243170-6
990153877410206441; 990212605220206441	HT014799600; HT019031316	2243481-1
990153878990206441; 990173180690206441	HT014799758; HT015802575	2243653-4
990153882180206441; 990189283600206441	HT014800077; HT017026491	2243981-X
990153882800206441; 990170716390206441	HT014800139; HT015628353	2244044-6
990154003510206441; 990174568820206441	HT014812328; HT015926881	2245708-2
990053792090206441; 990185791040206441	HT011185113; TT003077604	224685-5
990154137820206441; 990173132890206441	HT014825892; HT015797735	2247222-8
990154138880206441; 990212505720206441	HT014825998; HT019021427	2247335-X
990154140390206441; 990180711790206441	HT014826149; HT016377320	2247495-X
990154203190206441; 990179592510206441	HT014832512; HT016323477	2248323-8
990154424590206441; 990178766090206441	HT014853871; HT016259165	2251025-4
990154530400206441; 990206408470206441	HT014864569; HT018501025	2252163-X
990154531910206441; 990204468600206441	HT014864720; HT018316337	2252334-0
990154533180206441; 990219209920206441	HT014864847; HT019417073	2252463-0
990154533210206441; 990219209950206441	HT014864850; HT019417076	2252466-6
990154596380206441; 990181294310206441	HT014871223; HT016435187	2253560-3
990154662510206441; 990207557940206441	HT014877912; HT018610461	2254572-4
990154732090206441; 990228328820206441	HT014884948; HT020024444	2255359-9
990154732460206441; 990206189310206441	HT014884985; HT018479740	2255396-4
990154732490206441; 990206189350206441	HT014884988; HT018479744	2255399-X
990154734690206441; 990202536020206441	HT014885208; HT018135780	2255629-1
990154789970206441; 990187557880206441	HT014890829; HT016866042	2256251-5
990154870320206441; 990187384620206441	HT014898998; HT016851367	2257279-X
990155141940206441; 990212573050206441	HT014921946; HT019028125	2259727-X
990155376390206441; 990160139840206441	HT014945625; HT015307189	2261494-1
990155382370206441; 990189983550206441	HT014946223; HT017094081	2262120-9
990155395260206441; 990173026980206441	HT014947512; HT015786965	2263455-1
990155402700206441; 990179050180206441	HT014948256; HT016287712	2264223-7
990155629210206441; 990367997660206441	HT014971129; HT020606397	2266501-8
990155696990206441; 990189421090206441	HT014977980; HT017040173	2267234-5
990155840850206441; 990209870270206441	HT014992493; HT018817046	2269116-9
990155847540206441; 990191538890206441	HT014993162; HT017245510	2269817-6
990155897850206441; 990210391130206441	HT014998258; HT018868034	2270251-9
990102583530206441; 990133754160206441	HT012105800; HT014245495	227037-7
990155903460206441; 990157528230206441	HT014998819; HT015131494	2270840-6
990155903920206441; 990213386790206441	HT014998865; HT019077227	2270886-8
990155905830206441; 990211131970206441	HT014999056; HT018942340	2271086-3
990156043570206441; 990171933680206441	HT015013008; HT015750725	2272167-8
990156046210206441; 990228723570206441	HT015013272; HT020063746	2272451-5
990156118110206441; 990220517820206441	HT015020533; HT019545659	2273291-3
990156122570206441; 990175715230206441	HT015020979; HT015992681	2273753-4
990156124960206441; 990220506170206441	HT015021218; HT019544494	2274001-6
990156126110206441; 990187958050206441	HT015021333; HT016905400	2274123-9
990156197840206441; 990190774020206441	HT015028599; HT017170354	2274961-5
990156391120206441; 990177575860206441	HT015045260; HT016146826	2277294-7
990156390600206441; 990208746860206441	HT015045208; HT018715366	2277525-0
990156738510206441; 990167183380206441	HT015059291; HT015589045	2279074-3
990156738720206441; 990184017380206441	HT015059312; HT016698675	2279107-3
990156742430206441; 990206238840206441	HT015059683; HT018484666	2279534-0
990157008960206441; 990171333200206441	HT015079281; HT015690224	2280915-6
990157006360206441; 990183819690206441	HT015079021; HT016679467	2281173-4
990157005580206441; 990173467620206441	HT015078943; HT015831396	2281250-7
990157004290206441; 990175640110206441	HT015078814; HT015985084	2281378-0
990157001550206441; 990164720790206441	HT015078540; HT015429580	2281647-1
990156999630206441; 990171137550206441	HT015078348; HT015671098	2281838-8
990156999360206441; 990197645770206441	HT015078321; HT017713207	2281865-0
990156996460206441; 990177380700206441	HT015078031; HT016132352	2282150-8
990156995790206441; 990171143740206441	HT015077964; HT015671722	2282215-X
990156994830206441; 990204515880206441	HT015077868; HT018321039	2282311-6
990156993720206441; 990188303140206441	HT015077757; HT016939069	2282421-2
990156990420206441; 990164264670206441	HT015077427; HT015403984	2282751-1
990156987550206441; 990199002120206441	HT015077140; HT017834638	2283034-0
990156976880206441; 990209690170206441	HT015076073; HT018798958	2284096-5
990156975350206441; 990176049340206441	HT015075920; HT016025675	2284248-2
990156974860206441; 990193128800206441	HT015075871; HT017402020	2284297-4
990156969910206441; 990198051860206441	HT015075376; HT017742616	2284790-X
990156966360206441; 990165149010206441	HT015075021; HT015472862	2285144-6
990156962050206441; 990370558590206441	HT015074590; HT020862609	2285575-0
990156958680206441; 990188317860206441	HT015074253; HT016939843	2285909-3
990156957680206441; 990171754750206441	HT015074153; HT015732635	2286009-5
990156951390206441; 990209724480206441	HT015073524; HT018802397	2286637-1
990156927040206441; 990180396640206441	HT015071089; HT016346051	2289068-3
990156910390206441; 990195177750206441	HT015069424; HT017601955	2290731-2
990156905090206441; 990160249260206441	HT015068894; HT015318283	2291261-7
990156904070206441; 990193508200206441	HT015068792; HT017439411	2291363-4
990156900790206441; 990165389400206441	HT015068464; HT015494938	2291691-X
990156871580206441; 990213701530206441	HT015065543; HT019108427	2294612-3
990156869200206441; 990223074850206441	HT015065305; HT019587299	2294850-8
990157018580206441; 990170758010206441	HT015080243; HT015632586	2295779-0
990157103310206441; 990202225810206441	HT015088794; HT018106507	2295895-2
990157199830206441; 990179387640206441	HT015098509; HT016302869	2299310-1
990157202290206441; 990173340470206441	HT015098755; HT015818486	2299575-4
990157206440206441; 990163967200206441	HT015099170; HT015373902	2300035-1
990157173360206441; 990181651680206441	HT015095862; HT016469344	2302430-6
990157396790206441; 990170674620206441	HT015118269; HT015624137	2316379-3
990157502070206441; 990195278040206441	HT015128852; HT017611988	2316524-8
990157586920206441; 990187549350206441	HT015137406; HT016865210	2323730-2
990157654090206441; 990210838430206441	HT015144199; HT018912890	2326796-3
990158967860206441; 99374867385906441	HT015188795	2364607-X
990158973130206441; 990159319900206441	HT015189322; HT015224331	2365216-0
990159119320206441; 990159553070206441	HT015204017; HT015247911	2365425-9
990159058540206441; 990173304070206441	HT015197939; HT015814747	2368123-8
990159095770206441; 990198646510206441	HT015201662; HT017799460	2371824-9
990159203180206441; 990227810890206441	HT015212503; HT019972906	2375626-3
990159267770206441; 990159508160206441	HT015219031; HT015243366	2375980-X
990159272760206441; 990190087020206441	HT015219530; HT017104078	2376621-9
990159336500206441; 990177098790206441	HT015226017; HT016104759	2377306-6
990159342340206441; 990175548890206441	HT015226601; HT015975891	2378044-7
990159451500206441; 990166603810206441	HT015237650; HT015551471	2378813-6
990159535590206441; 990196864040206441	HT015246144; HT017649597	2380967-X
990159536150206441; 990170955810206441	HT015246200; HT015652655	2381048-8
990159612650206441; 990182817900206441	HT015253955; HT016580667	2381981-9
990159617820206441; 990226799850206441	HT015254472; HT019872221	2382586-8
990159691120206441; 990211315690206441	HT015261908; HT018960676	2383324-5
990159684960206441; 990193306270206441	HT015261292; HT017419199	2383423-7
990159757860206441; 990184019840206441	HT015268684; HT016698930	2383634-9
990159758620206441; 990202445570206441	HT015268760; HT018126909	2383715-9
990159761920206441; 990160350930206441	HT015269090; HT015327985	2384169-2
990159828200206441; 990208158230206441	HT015275814; HT018656611	2385367-0
990159834720206441; 990173272970206441	HT015276466; HT015811639	2385453-4
990159902940206441; 990190219230206441	HT015283149; HT017117071	2386774-7
990159965380206441; 990210138560206441	HT015289504; HT018843990	2387578-1
990159965790206441; 990193633200206441	HT015289545; HT017450588	2387620-7
990159965830206441; 990193633280206441	HT015289549; HT017450595	2387624-4
990159967740206441; 990189664420206441	HT015289740; HT017063381	2387840-X
990160029310206441; 990188077110206441	HT015295979; HT016916610	2388218-9
990160083030206441; 990363565020206441	HT015301438; HT020164494	2389230-4
990160085540206441; 990165384030206441	HT015301689; HT015494391	2389605-X
990160307540206441; 990184392360206441	HT015323683; HT016733575	2392137-7
990160309450206441; 990203657400206441	HT015323874; HT018241220	2392373-8
990160377480206441; 990194097760206441	HT015330674; HT017496475	2393802-X
990160378640206441; 990211119050206441	HT015330790; HT018941033	2393933-3
990160453090206441; 990170517210206441	HT015338342; HT015609133	2394530-8
990160536340206441; 990171594550206441	HT015346767; HT015716376	2395524-7
990102648360206441; 990177753980206441	HT012112283; HT016164513	239585-X
990160540800206441; 990226755770206441	HT015347213; HT019867814	2396022-X
990160873550206441; 990184217310206441	HT015355026; HT016717709	2396575-7
990163860530206441; 990164717760206441	HT015363104; HT015429270	2397458-8
990163861260206441; 990170878840206441	HT015363177; HT015644840	2397633-0
990163938720206441; 990183542630206441	HT015371027; HT016652334	2398712-1
990164018910206441; 990214583970206441	HT015379156; HT019196092	2399345-5
990164198010206441; 990211003810206441	HT015397235; HT018929503	2402769-8
990164272140206441; 990370531100206441	HT015404736; HT020859843	2403056-9
990164231630206441; 990164273440206441	HT015400627; HT015404866	2403204-9
990164628940206441; 990176703230206441	HT015420319; HT016064821	2405770-8
990164633160206441; 990174686960206441	HT015420741; HT015938853	2406330-7
990164699140206441; 990176902390206441	HT015427402; HT016084768	2407154-7
990164702130206441; 990166239850206441	HT015427701; HT015516379	2407635-1
990164705950206441; 990226278600206441	HT015428083; HT019820182	2408088-3
990164776660206441; 990171100740206441	HT015435234; HT015667340	2408343-4
990164777630206441; 990223250660206441	HT015435331; HT019604826	2408446-3
990164782210206441; 990173309780206441	HT015435789; HT015815393	2409025-6
990164782560206441; 990207215130206441	HT015435824; HT018577905	2409060-8
990164782640206441; 990166285030206441	HT015435832; HT015520959	2409068-2
990164857430206441; 990167132660206441	HT015443411; HT015583891	2409618-0
990164866810206441; 990207758850206441	HT015444349; HT018617951	2410818-2
990054222160206441; 990118119700206441	HT002672902; HT013488184	2415-6
990165101760206441; 990171389110206441	HT015468079; HT015695899	2415023-X
990165190950206441; 990175924630206441	HT015474871; HT016013004	2415127-0
990165190360206441; 990181101700206441	HT015474812; HT016416471	2415187-7
990165242800206441; 990183427550206441	HT015480097; HT016640824	2417107-4
990165324880206441; 990177327240206441	HT015488397; HT016126940	2417841-X
990165401850206441; 990178835420206441	HT015496196; HT016266054	2418654-5
990165402630206441; 990173231400206441	HT015496274; HT015807438	2418739-2
990165402990206441; 990166253850206441	HT015496310; HT015517801	2418780-X
990165403970206441; 990180433730206441	HT015496408; HT016349803	2418912-1
990165405920206441; 990171166980206441	HT015496603; HT015674078	2419131-0
990165486660206441; 990191701830206441	HT015504786; HT017264490	2420084-0
990166218350206441; 990211579090206441	HT015514198; HT018986950	2421763-3
990166329610206441; 990184089160206441	HT015525465; HT016705849	2423073-X
990166338760206441; 990196683950206441	HT015526380; HT017631675	2424019-9
990166385920206441; 990178177830206441	HT015531166; HT016201301	2424886-1
990166386590206441; 990194181810206441	HT015531233; HT017504018	2424958-0
990166386760206441; 990202112960206441	HT015531250; HT018096603	2424979-8
990166452800206441; 990175596970206441	HT015537933; HT015980748	2426379-5
990166455710206441; 990174093570206441	HT015538224; HT015893138	2426849-5
990166456780206441; 99370733750406441	HT015538331; HT020907221	2426966-9
990166486080206441; 990166539200206441	HT015541312; HT015544911	2427577-3
990166615250206441; 990175721620206441	HT015552630; HT015993326	2428290-X
990166618160206441; 990182465920206441	HT015552921; HT016546864	2428660-6
990166624300206441; 990182567470206441	HT015553535; HT016557046	2429359-3
990166904860206441; 990196792600206441	HT015560850; HT017642429	2429874-8
990166908420206441; 990174532280206441	HT015561206; HT015923172	2430359-8
990166910230206441; 990173037890206441	HT015561387; HT015788074	2430558-3
990166913180206441; 990178315170206441	HT015561682; HT016214802	2430893-6
990166993350206441; 990180637300206441	HT015569796; HT016370267	2431413-4
990166998890206441; 990177793020206441	HT015570350; HT016168443	2432071-7
990166999710206441; 990220009440206441	HT015570432; HT019494743	2432161-8
990167076300206441; 990198322050206441	HT015578194; HT017768881	2432435-8
990167079410206441; 990178417930206441	HT015578505; HT016225167	2432818-2
990167156040206441; 990194240970206441	HT015586290; HT017509779	2433833-3
990167239570206441; 990207532180206441	HT015594725; HT018607986	2434834-X
990167242070206441; 990175726450206441	HT015594975; HT015993812	2435046-1
990167247720206441; 990206000450206441	HT015595540; HT018462692	2435716-9
990167332660206441; 990196963130206441	HT015604052; HT017659165	2437160-9
990167337750206441; 990223051280206441	HT015604561; HT019584944	2437715-6
990170543640206441; 990174542250206441	HT015611802; HT015924195	2438282-6
990170549810206441; 990184083410206441	HT015612419; HT016705284	2438984-5
990170626040206441; 990170676740206441	HT015619199; HT015624352	2440023-3
990170628220206441; 990171599720206441	HT015619417; HT015716908	2440256-4
990170698860206441; 990186819400206441	HT015626602; HT016793880	2440772-0
990170701840206441; 990176798810206441	HT015626900; HT016074498	2441136-X
990170874570206441; 990176089650206441	HT015644409; HT016029788	2445277-4
990170875570206441; 990182332970206441	HT015644509; HT016534138	2445380-8
990170934160206441; 990228687050206441	HT015650464; HT020060117	2445663-9
990170939780206441; 990177392480206441	HT015651026; HT016133560	2446298-6
990170940320206441; 990183881540206441	HT015651080; HT016685103	2446354-1
990170945350206441; 990171400080206441	HT015651583; HT015697012	2446885-X
990170999900206441; 990176056360206441	HT015657134; HT016026389	2447305-4
990171013870206441; 990202714220206441	HT015658531; HT018153011	2448432-5
990171151080206441; 990177441070206441	HT015672471; HT016136650	2449952-3
990171292540206441; 990173360720206441	HT015686098; HT015820537	2452543-1
990171300660206441; 990175917680206441	HT015686910; HT016012290	2453472-9
990171360190206441; 990173205210206441	HT015692979; HT015804801	2454324-X
990171442730206441; 990171870060206441	HT015701345; HT015744310	2455967-2
990171446590206441; 990219020110206441	HT015701731; HT019398258	2456419-9
990171453950206441; 990190227240206441	HT015702467; HT017117857	2457265-2
990171453990206441; 990218912170206441	HT015702471; HT019387604	2457269-X
990171539610206441; 990171547440206441	HT015711141; HT015711931	2458733-3
990171541040206441; 990172958940206441	HT015711284; HT015781441	2458896-9
990171634660206441; 990192928970206441	HT015720446; HT017382076	2460178-0
990171638290206441; 990173272950206441	HT015720809; HT015811638	2460584-0
990171717290206441; 990177037280206441	HT015728864; HT016098516	2460927-4
990171718760206441; 990189484950206441	HT015729011; HT017046481	2461081-1
990171663200206441; 990171725850206441	HT015723351; HT015729720	2461988-7
990171915700206441; 990198648670206441	HT015748918; HT017799681	2465005-5
990171919740206441; 990192114680206441	HT015749322; HT017301865	2465460-7
990171921250206441; 990173660850206441	HT015749473; HT015849817	2465622-7
990171993040206441; 990173027890206441	HT015756764; HT015787057	2465895-9
990171995350206441; 990219902500206441	HT015756995; HT019484340	2466140-5
990171999550206441; 990173251930206441	HT015757415; HT015809521	2466636-1
990172004210206441; 990225605500206441	HT015757881; HT019752909	2467164-2
990172089060206441; 990174833670206441	HT015766481; HT015948620	2467327-4
990172012990206441; 990172089620206441	HT015758772; HT015766537	2467387-0
990172092800206441; 990175881510206441	HT015766855; HT016009165	2467803-X
990172167720206441; 990192955040206441	HT015774463; HT017384684	2468352-8
990172171190206441; 990189250770206441	HT015774810; HT017023236	2468800-9
990172171470206441; 990174751540206441	HT015774838; HT015945370	2468834-4
990172972340206441; 990177986140206441	HT015782797; HT016183822	2469717-5
990172981910206441; 990197647630206441	HT015783754; HT017713398	2470926-8
990173080190206441; 990174605940206441	HT015792361; HT015930646	2471103-2
990173082340206441; 990193706400206441	HT015792576; HT017457958	2471391-0
990173083910206441; 990187862490206441	HT015792733; HT016895805	2471588-8
990173087560206441; 990218768050206441	HT015793098; HT019373465	2471978-X
990173089120206441; 990173696720206441	HT015793254; HT015853451	2472157-8
990173089310206441; 990188910320206441	HT015793273; HT016990770	2472176-1
990173089720206441; 990190506320206441	HT015793314; HT017144224	2472221-2
990173089740206441; 990173392930206441	HT015793316; HT015823805	2472223-6
990173165300206441; 990177667180206441	HT015801028; HT016155713	2472389-7
990173168810206441; 990188910600206441	HT015801379; HT016990798	2472842-1
990173170140206441; 990173886270206441	HT015801512; HT015872619	2473012-9
990173257010206441; 990223621620206441	HT015810028; HT019641840	2473485-8
990173323740206441; 990187079950206441	HT015816807; HT016819493	2474732-4
990173329920206441; 990188136580206441	HT015817425; HT016922549	2475250-2
990173331090206441; 990177665030206441	HT015817542; HT016155493	2475403-1
990173332220206441; 990175979660206441	HT015817655; HT016018605	2475524-2
990173335400206441; 990173501980206441	HT015817973; HT015834866	2475861-9
990173412570206441; 990174606700206441	HT015825793; HT015930719	2475969-7
990173414910206441; 990175557190206441	HT015826027; HT015976736	2476328-7
990173423820206441; 990194191950206441	HT015826918; HT017504928	2477346-3
990173485750206441; 99371774568106441	HT015833235; HT021599055	2477446-7
990173490570206441; 990175111650206441	HT015833717; HT015968626	2477835-7
990173492670206441; 990184057870206441	HT015833927; HT016702730	2478094-7
990173574770206441; 990217602930206441	HT015841327; HT019259232	2478930-6
990173576990206441; 990176909330206441	HT015841549; HT016085482	2479240-8
990173582910206441; 990177116790206441	HT015842141; HT016106593	2479918-X
990173640260206441; 990228566980206441	HT015847749; HT020048090	2480360-1
990173646850206441; 990182482060206441	HT015848408; HT016548503	2481115-4
990173725280206441; 990174733890206441	HT015856338; HT015943587	2481838-0
990173727120206441; 990173801810206441	HT015856522; HT015864082	2482063-5
990173727250206441; 990175098230206441	HT015856535; HT015967267	2482078-7
990173730080206441; 990175530150206441	HT015856818; HT015973985	2482410-0
990173857710206441; 990178828740206441	HT015869759; HT016265381	2482925-0
990054074820206441; 990134454570206441	HT001379310; HT014316390	2483-1
990173861320206441; 990174972540206441	HT015870120; HT015954565	2483017-3
990173873450206441; 990175006140206441	HT015871333; HT015957960	2484193-6
990173876100206441; 990193051060206441	HT015871598; HT017394310	2484585-1
990173881110206441; 990175783730206441	HT015872099; HT015999295	2485167-X
990173883080206441; 990177633170206441	HT015872296; HT016152610	2485367-7
990173952310206441; 990181837380206441	HT015878835; HT016485370	2485463-3
990173957610206441; 990195115370206441	HT015879365; HT017596156	2486130-3
990174043120206441; 990176707080206441	HT015888008; HT016065210	2487622-7
990174138870206441; 990178063970206441	HT015897698; HT016190607	2488898-9
990174188780206441; 990212662840206441	HT015902738; HT019037107	2489614-7
990174190350206441; 990181639740206441	HT015902895; HT016468159	2489823-5
990174190780206441; 990174511940206441	HT015902938; HT015921300	2489867-3
990174273030206441; 990176884290206441	HT015911265; HT016082942	2490613-X
990174273900206441; 990204105460206441	HT015911352; HT018282521	2490722-4
990174558360206441; 990175694170206441	HT015925828; HT015990540	2492675-9
990174558640206441; 990186970400206441	HT015925856; HT016808537	2492706-5
990174563560206441; 990187273610206441	HT015926348; HT016838017	2493343-0
990174644520206441; 990191945030206441	HT015934538; HT017285379	2494177-3
990174645280206441; 990176801570206441	HT015934614; HT016074778	2494256-X
990174709740206441; 990204216050206441	HT015941145; HT018293121	2494778-7
990174714430206441; 990227426200206441	HT015941614; HT019934675	2495349-0
990174926320206441; 990183028520206441	HT015949878; HT016601796	2496464-5
990174982920206441; 990202927920206441	HT015955613; HT018173328	2496871-7
990174983450206441; 990176845340206441	HT015955666; HT016078960	2496932-1
990174939640206441; 990174984000206441	HT015951216; HT015955721	2496987-4
990174985370206441; 990178785660206441	HT015955858; HT016261131	2497127-3
990174987940206441; 990176582930206441	HT015956115; HT016052632	2497485-7
990175046380206441; 990176902050206441	HT015962034; HT016084734	2498377-9
990175587450206441; 990204740930206441	HT015979782; HT018342659	2499590-3
990175589360206441; 990175596630206441	HT015979973; HT015980713	2499799-7
990175589550206441; 990176845320206441	HT015979992; HT016078958	2499820-5
990175601710206441; 990188627340206441	HT015981220; HT016969871	2500013-5
990175605250206441; 990175631490206441	HT015981574; HT015984207	2500479-7
990175605320206441; 990175868920206441	HT015981581; HT016007893	2500486-4
990175605520206441; 990175866970206441	HT015981601; HT016007702	2500506-6
990175532980206441; 990175606320206441	HT015974275; HT015981681	2500591-1
990175608390206441; 990180565180206441	HT015981888; HT016363023	2500826-2
990175609230206441; 990175823290206441	HT015981972; HT016003294	2500913-8
990175614170206441; 990179547260206441	HT015982466; HT016318927	2501303-8
990175677970206441; 990181876460206441	HT015988913; HT016489284	2502691-4
990175679880206441; 990176926140206441	HT015989104; HT016087198	2502927-7
990175680900206441; 990184657320206441	HT015989206; HT016760017	2503033-4
990175683790206441; 990189315590206441	HT015989495; HT017029669	2503366-9
990175759450206441; 990175847170206441	HT015996839; HT016005691	2504323-7
990175830960206441; 990202221140206441	HT016004061; HT018106035	2505175-1
990175828260206441; 990181041510206441	HT016003791; HT016410456	2505255-X
990175836760206441; 990182093990206441	HT016004641; HT016510236	2505925-7
990175899850206441; 990211686200206441; 990211686570206441	HT016010493; HT018997771; HT018997808	2506516-6
990175899970206441; 990180799310206441	HT016010505; HT016386143	2506528-2
990175961530206441; 990190565230206441	HT016016780; HT017150028	2507366-7
990175967120206441; 990192938230206441	HT016017339; HT017383008	2508035-0
990175969540206441; 990187354270206441	HT016017581; HT016845672	2508291-7
990175970140206441; 990180773720206441	HT016017641; HT016383556	2508357-0
990176038660206441; 990176902620206441	HT016024587; HT016084792	2509342-3
990176107000206441; 990177796340206441	HT016031554; HT016168776	2509596-1
990176110800206441; 990190299100206441	HT016031934; HT017125033	2510040-3
990176111560206441; 990197725160206441	HT016032010; HT017716949	2510119-5
990176442430206441; 990177377690206441	HT016039886; HT016132050	2511563-7
990176510750206441; 990179437510206441	HT016046813; HT016307880	2512259-9
990176511950206441; 990199125450206441	HT016046933; HT017845600	2512405-5
990176513540206441; 990178088170206441	HT016047092; HT016193053	2512567-9
990176513730206441; 990203310900206441	HT016047111; HT018209407	2512586-2
990176603410206441; 990178089530206441	HT016054703; HT016193191	2512808-5
990176609870206441; 990182967040206441	HT016055349; HT016595637	2513617-3
990176611310206441; 990176863410206441	HT016055493; HT016080810	2513769-4
990177572440206441; 990183902640206441	HT016146474; HT016687169	2516519-7
990176896620206441; 990181492020206441	HT016084190; HT016454890	2517577-4
990176897780206441; 990191341300206441	HT016084306; HT017225981	2517698-5
990176898120206441; 990187906370206441	HT016084340; HT016900236	2517734-5
990176974300206441; 990194318520206441	HT016092097; HT017517551	2518607-3
990176979600206441; 990206570620206441	HT016092627; HT018515295	2519180-9
990177057720206441; 990183592900206441	HT016100594; HT016657300	2519697-2
990177058840206441; 990177281590206441	HT016100706; HT016122280	2519827-0
990177061560206441; 990205835570206441	HT016100978; HT018446903	2520132-3
990177157380206441; 990220293320206441	HT016110054; HT019523209	2520751-9
990177162690206441; 990183005640206441	HT016110585; HT016599514	2521325-8
990177262110206441; 990183036950206441	HT016120292; HT016602649	2522747-6
990177262420206441; 990182833180206441	HT016120323; HT016582212	2522779-8
990177587940206441; 990197593820206441	HT016148028; HT017712429	2526012-1
990177678060206441; 990189749760206441	HT016156816; HT017071845	2526583-0
990177678570206441; 990178345530206441	HT016156867; HT016217849	2526637-8
990177680190206441; 990203005590206441	HT016157029; HT018180311	2526903-3
990177680220206441; 990181038150206441	HT016157032; HT016410133	2526906-9
990177684600206441; 990207261150206441	HT016157470; HT018582480	2527424-7
990177686010206441; 990366035930206441	HT016157611; HT020410701	2527568-9
990177900010206441; 990184183880206441	HT016175105; HT016715367	2529153-1
990054158030206441; 990223243350206441	HT002197689; HT019604095	2530-6
990178034120206441; 990178670830206441	HT016187594; HT016249582	2530469-0
990178035970206441; 990192959770206441	HT016187779; HT017385162	2530675-3
990178129660206441; 990184544850206441	HT016196445; HT016748846	2531430-0
990178131820206441; 990184089130206441	HT016196661; HT016705846	2531711-8
990178133550206441; 990206590520206441	HT016196834; HT018517256	2531917-6
990178137580206441; 990191072250206441	HT016197237; HT017199289	2532343-X
990178137690206441; 990184187430206441	HT016197248; HT016715720	2532354-4
990178233710206441; 990178767460206441	HT016206563; HT016259299	2532805-0
990178241600206441; 990206742690206441	HT016207352; HT018531779	2533693-9
990178335370206441; 990183549380206441	HT016216827; HT016653019	2534989-2
990178424870206441; 990184777000206441	HT016225859; HT016771378	2535859-5
990178428330206441; 990219635800206441; 990219746680206441	HT016226205; HT019459094; HT019470048	2536240-9
990178532680206441; 990187144420206441	HT016235741; HT016825846	2536730-4
990178535090206441; 990220548850206441	HT016235982; HT019548732	2537047-9
990178524180206441; 990208283440206441	HT016234891; HT018669052	2537282-8
990178524690206441; 990206678250206441	HT016234942; HT018525985	2537337-7
990178525100206441; 990179544150206441	HT016234983; HT016318620	2537380-8
990178525900206441; 990187374450206441	HT016235063; HT016850356	2537496-5
990178649760206441; 990187798910206441	HT016247458; HT016889481	2538198-2
990178654370206441; 990182466150206441	HT016247919; HT016546886	2538691-8
990178744850206441; 990188793120206441	HT016257028; HT016980898	2539495-2
990052744110206441; 990102704020206441	HT001252587; HT012117849	253957-3
990178848810206441; 990220575750206441	HT016267405; HT019551418	2540933-5
990178850710206441; 990181669190206441	HT016267595; HT016471106	2541195-0
990178851390206441; 990182254120206441	HT016267663; HT016526273	2541272-3
990178956220206441; 990180539700206441	HT016278220; HT016360461	2542404-X
990178959690206441; 990182815630206441	HT016278567; HT016580440	2542802-0
990179057840206441; 990202642320206441	HT016288477; HT018145944	2544428-1
990179414310206441; 990190159300206441	HT016305543; HT017111175	2544729-4
990179405850206441; 990181660240206441	HT016304697; HT016470212	2544826-2
990179406990206441; 990198542170206441	HT016304811; HT017789542	2544948-5
990179131710206441; 990179414670206441	HT016295916; HT016305579	2545671-4
990179414900206441; 990182292370206441	HT016305602; HT016530103	2545696-9
990179470790206441; 990191147950206441	HT016311231; HT017206900	2547125-9
990179471510206441; 990193192910206441	HT016311303; HT017407939	2547201-X
990179473140206441; 990192429930206441	HT016311466; HT017332669	2547455-8
990179566880206441; 990180922010206441	HT016320902; HT016398455	2548362-6
990179568670206441; 990180927660206441	HT016321081; HT016399031	2548547-7
990180235200206441; 990184482780206441	HT016330145; HT016742619	2549266-4
990180240330206441; 990208810340206441	HT016330658; HT018721697	2549831-9
990180424620206441; 990182243130206441	HT016348891; HT016525171	2551519-6
990180424820206441; 990182578680206441	HT016348911; HT016558186	2551548-2
990180425440206441; 990181374410206441	HT016348973; HT016443133	2551610-3
990180426240206441; 990203623790206441	HT016349053; HT018238206	2551695-4
990180503730206441; 990188704390206441	HT016356841; HT016972148	2552792-7
990180508650206441; 990189091560206441	HT016357333; HT017008592	2553329-0
990180612760206441; 990207996120206441	HT016367806; HT018640530	2554008-7
990180823040206441; 990182076300206441	HT016388522; HT016508476	2554876-1
990180829900206441; 990193074860206441	HT016389208; HT017396678	2555526-1
990180844330206441; 990197204090206441	HT016390651; HT017682037	2557072-9
990180953260206441; 990183557300206441	HT016401596; HT016653798	2558097-8
990180956610206441; 990197138670206441	HT016401931; HT017675762	2558478-9
990181053290206441; 990190050170206441	HT016411648; HT017100432	2558915-5
990181152050206441; 990191132640206441	HT016421505; HT017205358	2559796-6
990181153590206441; 990224154740206441	HT016421659; HT019694726	2560013-8
990181160060206441; 990182045440206441	HT016422306; HT016505388	2560722-4
990181253570206441; 990182243080206441	HT016431685; HT016525165	2562011-3
990102721540206441; 990170558520206441	HT012119601; HT015613299	256206-6
990181254730206441; 990218667790206441	HT016431801; HT019363534	2562132-4
990181424390206441; 990194169010206441	HT016448138; HT017503576	2563668-6
990181431400206441; 990182371120206441	HT016448839; HT016537364	2564438-5
990181707290206441; 990211718370206441	HT016473654; HT019001019	2567282-4
990181712980206441; 990189250730206441	HT016474223; HT017023228	2567906-5
990181801390206441; 990205139540206441	HT016481760; HT018380071	2568285-4
990181803360206441; 990181966880206441	HT016481957; HT016497432	2568519-3
990181805560206441; 990209722810206441	HT016482177; HT018802228	2568767-0
990181894350206441; 990189522550206441	HT016491074; HT017050148	2570058-3
990182055180206441; 990211247890206441	HT016506373; HT018953845	2571520-3
990182060790206441; 990190197270206441	HT016506934; HT017114946	2572136-7
990182141210206441; 990183026250206441	HT016514967; HT016601565	2572255-4
990182142600206441; 990183401290206441	HT016515106; HT016638203	2572424-1
990182222600206441; 990182474070206441	HT016523106; HT016547683	2573210-9
990182225020206441; 990202908450206441	HT016523348; HT018171363	2573495-7
990182500930206441; 990228413510206441	HT016550383; HT020032881	2575082-3
990182501180206441; 990207281430206441	HT016550408; HT018584491	2575107-4
990182502780206441; 990207407300206441	HT016550568; HT018596820	2575300-9
990182503480206441; 990194877680206441	HT016550638; HT017572405	2575371-X
990182514020206441; 990220597150206441	HT016551692; HT019553546	2576457-3
990182705870206441; 990184325260206441	HT016569972; HT016726852	2578680-5
990182852650206441; 990214246910206441	HT016584150; HT019162738	2579018-3
990182852680206441; 990189484980206441	HT016584153; HT017046484	2579021-3
990182949140206441; 990186796430206441	HT016593840; HT016791558	2579780-3
990182950300206441; 990183847340206441	HT016593956; HT016682213	2579908-3
990182950470206441; 990184278250206441	HT016593973; HT016722737	2579972-1
990182956520206441; 990187416870206441	HT016594578; HT016854604	2580643-9
990183046220206441; 990184042850206441	HT016603543; HT016701230	2581209-9
990183050800206441; 990183104010206441	HT016604001; HT016609312	2581716-4
990183055690206441; 990189406350206441	HT016604490; HT017038678	2582167-2
990183058060206441; 990196788120206441	HT016604727; HT017642097	2582426-0
990183344900206441; 990194096980206441	HT016632741; HT017496397	2584861-6
990183420920206441; 990194411050206441	HT016640161; HT017526811	2586266-2
990183425780206441; 990187005500206441	HT016640647; HT016812043	2586806-8
990183513040206441; 990188086090206441	HT016649365; HT016917522	2586951-6
990183513090206441; 990198673340206441	HT016649370; HT017802006	2586956-5
990183514750206441; 990183909600206441	HT016649536; HT016687858	2587170-5
990183516980206441; 990186913140206441	HT016649759; HT016802736	2587401-9
990183612010206441; 990206181790206441	HT016658796; HT018479011	2587645-4
990183615540206441; 990211391880206441	HT016659149; HT018968269	2588040-8
990183616750206441; 990214028490206441	HT016659270; HT019141085	2588174-7
990183616760206441; 990222875680206441	HT016659271; HT019567446	2588175-9
990183729590206441; 990214588570206441	HT016670453; HT019196540	2589587-4
990183833530206441; 990184185330206441	HT016680826; HT016715511	2591059-0
990183923830206441; 990184333630206441	HT016689276; HT016727703	2591190-9
990183925420206441; 990184081560206441	HT016689435; HT016705096	2591359-1
990183928870206441; 990188395190206441	HT016689780; HT016947513	2591752-3
990184029350206441; 990188460360206441	HT016699872; HT016953284	2592778-4
990184034410206441; 990184271210206441	HT016700378; HT016722018	2593341-3
990184016320206441; 990184124340206441	HT016698578; HT016709354	2593628-1
990184127390206441; 990213340700206441	HT016709659; HT019072677	2594000-4
990184128280206441; 990186985200206441	HT016709748; HT016810016	2594092-2
990184132250206441; 990205659780206441	HT016710145; HT018429879	2594146-X
990184242930206441; 990189124260206441	HT016719255; HT017011831	2594752-7
990184345250206441; 990184640610206441	HT016728864; HT016758349	2596435-5
990184696340206441; 990187291580206441	HT016763932; HT016839824	2600483-5
990184700660206441; 990184719560206441	HT016764364; HT016765942	2600956-0
990184701740206441; 990213707350206441	HT016764472; HT019109013	2601069-0
990184825980206441; 990211086690206441	HT016773419; HT018937797	2602165-1
990184826150206441; 990214103500206441	HT016773436; HT019148519	2602183-3
990186782670206441; 990194298630206441	HT016790180; HT017515559	2603926-6
990186783670206441; 990186875680206441	HT016790280; HT016799457	2604080-3
990186787700206441; 990188223310206441	HT016790683; HT016931182	2604523-0
990186844760206441; 990186977440206441	HT016796347; HT016809231	2605506-5
990187031130206441; 990190402530206441	HT016814598; HT017134647	2606995-7
990187126210206441; 990187381970206441	HT016824024; HT016851121	2607956-2
990187133780206441; 990192318720206441	HT016824781; HT017321965	2608799-6
990187232450206441; 990187416780206441	HT016834066; HT016854595	2609690-0
990187313130206441; 990193635860206441	HT016841551; HT017450808	2610832-X
990187315970206441; 990204562820206441	HT016841835; HT018325697	2611173-1
990187508020206441; 990226758150206441	HT016861071	2613656-9
990187580630206441; 990187628100206441	HT016868301; HT016873035	2614426-8
990187659690206441; 990187767080206441	HT016876211; HT016886328	2614745-2
990187665390206441; 990188909160206441	HT016876781; HT016990652	2615364-6
990187753130206441; 990187913500206441	HT016884931; HT016900959	2615952-1
990187756260206441; 990187911790206441	HT016885244; HT016900782	2616275-1
990187823100206441; 990187844330206441	HT016891910; HT016894014	2617394-3
990187924020206441; 990227313400206441	HT016901979; HT019923513	2618165-4
990187926860206441; 990188592800206441	HT016902263; HT016966399	2618471-0
990187927750206441; 990189440240206441	HT016902352; HT017042065	2618570-2
990188010230206441; 990206021530206441	HT016910645; HT018464797	2619606-2
990187951240206441; 990188010970206441	HT016904711; HT016910719	2619683-9
990188015160206441; 990198602250206441	HT016911138; HT017795203	2620123-9
990188253330206441; 990198509210206441	HT016934185; HT017786684	2622595-5
990188339570206441; 990188844220206441	HT016942006; HT016984539	2623810-X
990188341050206441; 990218051340206441	HT016942154; HT019303508	2623964-4
990188343010206441; 990191983490206441	HT016942350; HT017289252	2624180-8
990188343490206441; 990228328800206441	HT016942398; HT020024442	2624240-0
990188425050206441; 990189071370206441	HT016949756; HT017006580	2624944-3
990188425660206441; 990206360520206441	HT016949817; HT018496318	2625008-1
990188427300206441; 990189651600206441	HT016949981; HT017062100	2625191-7
990188500760206441; 990189081940206441	HT016957163; HT017007612	2626151-0
990188501130206441; 990194104370206441	HT016957200; HT017497137	2626188-1
990188501730206441; 990189478710206441	HT016957260; HT017045846	2626251-4
990188585450206441; 990192661720206441	HT016965662; HT017355772	2627324-X
990188587370206441; 990193678250206441	HT016965854; HT017455117	2627541-7
990188589140206441; 990212661800206441	HT016966031; HT019037001	2627722-0
990188716250206441; 990210160170206441	HT016973342; HT018845818	2627943-5
990188718390206441; 990189009680206441	HT016973556; HT017000552	2628190-9
990188718400206441; 990188996060206441	HT016973557; HT016999165	2628191-0
990188719020206441; 990368653090206441	HT016973619; HT020672019	2628259-8
990188801640206441; 990189484730206441	HT016981727; HT017046459	2629642-1
990188793090206441; 990188801660206441	HT016980895; HT016981729	2629644-5
990188946190206441; 990211177660206441	HT016994255; HT018946919	2630359-0
990189052130206441; 990192068790206441	HT017004683; HT017297342	2632407-6
990189056010206441; 990192082790206441	HT017005071; HT017298673	2632832-X
990189130540206441; 990208837420206441	HT017012385; HT018724391	2633174-3
990189132520206441; 990189619170206441	HT017012583; HT017058974	2633392-2
990189137880206441; 990189662360206441	HT017013119; HT017063192	2633961-4
990189137980206441; 990202414470206441	HT017013129; HT018123807	2633971-7
990189208720206441; 990189347140206441	HT017019418; HT017032797	2634414-2
990189301220206441; 990208146250206441	HT017028226; HT018655424	2635262-X
990189304910206441; 990189325330206441	HT017028595; HT017030626	2635688-0
990189500730206441; 990226040530206441	HT017048029; HT019796337	2638201-5
990189595270206441; 990193481910206441	HT017056839; HT017436760	2639211-2
990189689080206441; 990202859350206441	HT017065759; HT018166564	2640444-8
990189768460206441; 990209143930206441	HT017073696; HT018754899	2641077-1
990189770900206441; 990191121760206441	HT017073940; HT017204261	2641336-X
990189774830206441; 990199102780206441	HT017074333; HT017843344	2641752-2
990189775090206441; 990190754260206441	HT017074359; HT017168374	2641779-0
990189776500206441; 990190237890206441	HT017074500; HT017118909	2641923-3
990189846660206441; 990191615790206441	HT017081492; HT017253267	2642568-3
990189932750206441; 990196877190206441	HT017088985; HT017650922	2643322-9
990189934500206441; 990222868810206441	HT017089160; HT019566764	2643526-3
990189938930206441; 990213898190206441	HT017089603; HT019128062	2643989-X
990190026770206441; 990190364430206441	HT017098098; HT017130856	2644848-8
990190179990206441; 990191190300206441	HT017113216; HT017211149	2645760-X
990190440480206441; 990190966890206441	HT017138423; HT017189350	2646072-5
990190181620206441; 990190352380206441	HT017113379; HT017129632	2646344-1
990190276130206441; 990191546030206441	HT017122750; HT017246234	2648282-4
990190276920206441; 990227269040206441	HT017122829; HT019919176	2648363-4
990190280020206441; 990197747410206441	HT017123139; HT017718396	2648718-4
990190368000206441; 990190908320206441	HT017131191; HT017183518	2648910-7
990190441570206441; 990191047830206441	HT017138532; HT017196847	2649941-1
990190442830206441; 990213734740206441	HT017138658; HT019111774	2650071-1
990190442990206441; 990205363310206441	HT017138674; HT018401904	2650088-7
990190446020206441; 990225543680206441	HT017138977; HT019746808	2650426-1
990190446600206441; 990190920040206441	HT017139035; HT017184660	2650484-4
990190526020206441; 990217445170206441	HT017146115; HT019243619	2651601-9
990190616060206441; 990220223860206441	HT017154538; HT019516218	2652724-8
990190788560206441; 990193631730206441	HT017171800; HT017450437	2654778-8
990190868970206441; 990223063780206441	HT017179632; HT019586191	2655512-8
990190951810206441; 990213910860206441	HT017187828; HT019129326	2656292-3
990190957450206441; 990192336680206441	HT017188392; HT017323772	2656892-5
990191019790206441; 990192324940206441	HT017194066; HT017322585	2658395-1
990191415690206441; 990226485100206441	HT017233494; HT019840723	2660623-9
990191420210206441; 990218601850206441	HT017233946; HT019357042	2661126-0
990191481220206441; 990194596900206441	HT017240119; HT017544843	2661966-0
990191490040206441; 990196893190206441	HT017241001; HT017652377	2662894-6
990191490060206441; 990196893260206441	HT017241003; HT017652383	2662896-X
990191492280206441; 99371008358806441	HT017241225; HT021110675	2663158-1
990191496070206441; 990198338450206441	HT017241604; HT017770520	2663489-2
990191499570206441; 990220394010206441	HT017241954; HT019533241	2663879-4
990191500420206441; 990204809880206441	HT017242039; HT018349345	2663988-9
990191501730206441; 990228323760206441	HT017242170; HT020023967	2664121-5
990191572280206441; 990208228810206441	HT017248878; HT018663611	2664923-8
990191572460206441; 990211674560206441	HT017248896; HT018996599	2664941-X
990191574010206441; 990217787640206441	HT017249051; HT019277465	2665107-5
990191667120206441; 990198453310206441	HT017257888; HT017781907	2665896-3
990191890460206441; 990228125470206441	HT017281191; HT020004185	2666537-2
990191899200206441; 990192396700206441	HT017282065; HT017329754	2667474-9
990191993590206441; 990193517540206441	HT017290267; HT017440334	2667807-X
990191994090206441; 990206741160206441	HT017290317; HT018531625	2667859-7
990191997030206441; 990226304220206441	HT017290611; HT019822766	2668173-0
990192071560206441; 990206502680206441	HT017297548; HT018509194	2668644-2
990192078510206441; 990209110600206441	HT017298243; HT018751543	2669402-5
990192163430206441; 990207111580206441	HT017306624; HT018567649	2669808-0
990192253210206441; 990202483750206441	HT017315421; HT018130698	2673249-X
990192274870206441; 990197595010206441	HT017317574; HT017712551	2673829-6
990192400910206441; 990192478040206441	HT017330163; HT017337533	2675453-8
990192512990206441; 990193706850206441	HT017340913; HT017458003	2676835-5
990192612100206441; 990366160110206441	HT017353367; HT020423146	2677633-9
990192740790206441; 990198294270206441	HT017363636; HT017766084	2678747-7
990192873530206441; 990193095820206441	HT017376515; HT017398791	2680361-6
990192933290206441; 990197854520206441	HT017382510; HT017724507	2681146-7
990193136790206441; 990211034830206441	HT017402797; HT018932539	2684129-0
990193184480206441; 990193480890206441	HT017407089; HT017436657	2684676-7
990193276490206441; 990211803880206441	HT017416225; HT019009126	2685721-2
990193309810206441; 990194158690206441	HT017419504; HT017502560	2686490-3
990193311630206441; 990199675490206441	HT017419686; HT017900246	2686681-X
990193589150206441; 990193611640206441	HT017446184; HT017448427	2689618-7
990193623220206441; 990193715420206441	HT017449575; HT017458844	2690211-4
990193640050206441; 990194665580206441	HT017451268; HT017551632	2690320-9
990193640910206441; 990194564940206441	HT017451354; HT017541637	2690408-1
990193641990206441; 99371082141506441	HT017451462; HT021163502	2690512-7
990193674780206441; 990203145520206441	HT017454768; HT018193172	2690568-1
990193674880206441; 990219132310206441	HT017454778; HT019409330	2690585-1
990193693470206441; 990193965100206441	HT017456649; HT017483367	2690924-8
990193696140206441; 990194126380206441	HT017456916; HT017499327	2691191-7
990193840270206441; 990195111100206441	HT017471299; HT017595720	2692705-6
990193858120206441; 990369010810206441	HT017473080; HT020707797	2693006-7
990193926600206441; 990196959740206441	HT017479476; HT017658817	2693918-6
990193943800206441; 990198237460206441	HT017481215; HT017760492	2694264-1
990193956210206441; 990204769850206441	HT017482465; HT018345490	2694313-X
990194095640206441; 990210554310206441	HT017496263; HT018884444	2696460-0
990194183860206441; 990197715260206441	HT017504106; HT017715950	2697048-X
990194282470206441; 990196706840206441	HT017513939; HT017633944	2698675-9
990194348490206441; 990194930020206441	HT017520566; HT017577628	2699569-4
990194833090206441; 990197595630206441	HT017567939; HT017712612	2706400-1
990194833640206441; 990209606030206441	HT017567994; HT018790605	2706457-8
990194866940206441; 990206083650206441	HT017571311; HT018470477	2706751-8
990195045570206441; 990208625310206441	HT017589158; HT018703253	2709275-6
990195105720206441; 990211561750206441	HT017595192; HT018985202	2709978-7
990195152670206441; 990202166170206441	HT017599432; HT018101865	2710233-6
990195185370206441; 990205945760206441	HT017602671; HT018457271	2710668-8
990195201770206441; 990195816080206441	HT017604331; HT017625664	2710861-2
990195232430206441; 990196862060206441	HT017607416; HT017649398	2711143-X
990195236220206441; 990197717630206441	HT017607795; HT017716188	2711509-4
990195403340206441; 99371203697306441	HT017624491; HT021260891	2713587-1
990196219510206441; 990366789960206441	HT017625871; HT020486014	2713770-3
990196237460206441; 990196691630206441	HT017627647; HT017632434	2714195-0
990196271420206441; 990211217470206441	HT017630527; HT018950939	2714625-X
990196704000206441; 990368197180206441	HT017633652; HT020626335	2715090-2
990196718320206441; 990227168420206441	HT017635095; HT019909135	2715185-2
990196856950206441; 990197076110206441	HT017648881; HT017669591	2717110-3
990196872150206441; 990204345320206441	HT017650412; HT018304878	2717181-4
990196939000206441; 990198994240206441	HT017656786; HT017833842	2718015-3
990197036210206441; 990198300330206441	HT017665628; HT017766697	2719181-3
990197086180206441; 990198164510206441	HT017670578; HT017753799	2719987-3
990197271440206441; 990365392920206441	HT017688675; HT020346651	2721759-0
990197311510206441; 990200180850206441	HT017692121; HT017903616	2722624-4
990197332270206441; 990202931860206441	HT017694002; HT018173722	2722861-7
990197454350206441; 990197829530206441	HT017698679; HT017722272	2723647-X
990197503260206441; 990199615990206441	HT017703511; HT017894491	2724138-5
990197503310206441; 990203552630206441	HT017703516; HT018231633	2724148-8
990197518570206441; 990198997580206441	HT017704987; HT017834181	2724366-7
990197791230206441; 990202280800206441	HT017718835; HT018111852	2726466-X
990197859560206441; 990208698920206441	HT017724700; HT018710549	2727361-1
990197887060206441; 990214392390206441	HT017727289; HT019177209	2727712-4
990197954200206441; 990217674970206441	HT017733180; HT019266372	2728403-7
990198014830206441; 990208557300206441	HT017739116; HT018696474	2729311-7
990198058300206441; 990199065560206441	HT017743226; HT017840780	2729948-X
990198127400206441; 990199669740206441	HT017750076; HT017899671	2730824-8
990198127590206441; 990198992440206441	HT017750095; HT017833670	2730844-3
990198158550206441; 990204700760206441	HT017753196; HT018339029	2731253-7
990198317860206441; 990208688730206441	HT017768461; HT018709514	2733114-3
990198318130206441; 990202630490206441	HT017768488; HT018144757	2733141-6
990198428900206441; 990228884670206441	HT017779485; HT020079867	2734438-1
990198450110206441; 990198468740206441	HT017781583; HT017783160	2734805-2
990198525260206441; 990202244150206441	HT017787831; HT018108287	2735617-6
990198552950206441; 990198666850206441	HT017790436; HT017801344	2736043-X
990198678350206441; 990202182640206441	HT017802418; HT018103389	2737754-4
990198995500206441; 990200207760206441	HT017833968; HT017906303	2739500-5
990199584970206441; 990211002370206441	HT017891412; HT018929355	2741912-5
990199588430206441; 990202354610206441	HT017891758; HT018118857	2742220-3
990200189880206441; 990203251480206441	HT017904506; HT018203582	2743860-0
990201321610206441; 990205021710206441	HT018092736; HT018369341	2744341-3
990202106330206441; 990202221380206441	HT018095919; HT018106061	2744819-8
990202187770206441; 990203396690206441	HT018103709; HT018217489	2745714-X
990202318190206441; 990207532640206441	HT018115417; HT018608033	2747474-4
990202358540206441; 990205080010206441	HT018119217; HT018374586	2747761-7
990202437610206441; 990205649450206441	HT018126103; HT018428838	2749891-8
990202549700206441; 990202884010206441	HT018137114; HT018168887	2751256-3
990202582200206441; 990210367820206441	HT018140363; HT018865740	2753126-0
990202619960206441; 990203815540206441	HT018143702; HT018256155	2753393-1
990202637350206441; 990219931420206441	HT018145446; HT019486935	2753886-2
990202797080206441; 990210628110206441	HT018160528; HT018891876	2755830-7
990202918090206441; 990204547710206441	HT018172341; HT018324251	2757254-7
990202905720206441; 990202919910206441	HT018171088; HT018172523	2757432-5
990202922540206441; 990203837330206441	HT018172786; HT018257922	2757446-5
990202923480206441; 990228259980206441	HT018172880; HT020017589	2757770-3
990203029900206441; 990203067920206441	HT018182699; HT018186460	2759192-X
990203167480206441; 990212931230206441	HT018195170; HT019063670	2761210-7
990203262250206441; 990204550460206441	HT018204669; HT018324529	2762472-9
990203279660206441; 990212823440206441	HT018206421; HT019053044	2762906-5
990203368770206441; 990208954900206441	HT018214820; HT018735912	2763804-2
990203386540206441; 990218468640206441	HT018216473; HT019343970	2764104-1
990203441130206441; 990208019090206441	HT018221293; HT018642806	2764484-4
990203443650206441; 990204481010206441	HT018221545; HT018317547	2764734-1
990203675710206441; 990208376070206441	HT018243048; HT018678336	2767662-6
990203773400206441; 990210145140206441	HT018252043; HT018844639	2768740-5
990203905830206441; 990367593580206441	HT018264282; HT020566152	2770689-8
990204061930206441; 990217786810206441	HT018278903; HT019277367	2772634-4
990204248510206441; 990218733550206441	HT018296174; HT019370014	2774356-1
990204264650206441; 990205079780206441	HT018297781; HT018374563	2774597-1
990204372700206441; 990205077480206441	HT018307390; HT018374331	2775660-9
990204453530206441; 990209600410206441	HT018314815; HT018790029	2776376-6
990204620310206441; 990205648930206441	HT018331181; HT018428784	2778275-X
990204778300206441; 990205022970206441	HT018346302; HT018369467	2780067-2
990204876310206441; 990206248570206441	HT018355779; HT018485613	2781195-5
990204891000206441; 990209949870206441	HT018357199; HT018825090	2781317-4
990205012770206441; 990206753410206441	HT018368439; HT018532783	2782803-7
990205044400206441; 990206631020206441	HT018371129; HT018521244	2782995-9
990205058690206441; 990208787820206441	HT018372500; HT018719434	2783178-4
990205210590206441; 990228528590206441	HT018387055; HT020044245	2784917-X
990205331130206441; 990205651460206441	HT018398647; HT018429039	2786242-2
990205475140206441; 990205511640206441	HT018412097; HT018415695	2787648-2
990205637170206441; 990207698830206441	HT018427609; HT018612033	2795550-3
990205817620206441; 990207385150206441	HT018445263; HT018594654	2798134-4
990205874070206441; 990207228320206441	HT018450100; HT018579230	2798688-3
990206030780206441; 990206180470206441	HT018465680; HT018478873	2800367-6
990206043960206441; 990211160270206441	HT018466986; HT018945172	2800566-1
990206157420206441; 990206314350206441	HT018477771; HT018492042	2802600-7
990206362410206441; 990214411470206441	HT018496507; HT019179113	2805045-9
990206791620206441; 990211102740206441	HT018536604; HT018939398	2809838-9
990206860810206441; 990217902840206441	HT018543446; HT019288836	2810846-2
990206895420206441; 990208763850206441	HT018546846; HT018717078	2811410-3
990206943580206441; 990208276320206441	HT018551594; HT018668333	2811972-1
990206997030206441; 990217990030206441	HT018556802; HT019297479	2812632-4
990207176770206441; 990218621050206441	HT018574116; HT019358947	2813913-6
990207207900206441; 990214208080206441	HT018577178; HT019158937	2814241-X
990207271940206441; 990223023580206441; 990227476970206441; 990365426930206441; 990370554960206441; 99371149522706441	HT018583520; HT019582225; HT019939698; HT020350066; HT020862240; HT021209965	2815057-0
990207302340206441; 990220185830206441	HT018586553; HT019512388	2815431-9
990207337100206441; 99371108128406441	HT018589986; HT021180808	2815839-8
990207370590206441; 990218700660206441	HT018593228; HT019366764	2816249-3
990207498940206441; 990208807280206441	HT018604718; HT018721398	2817524-4
990207516880206441; 990220509730206441	HT018606434; HT019544852	2817934-1
990207516890206441; 990220591430206441	HT018606435; HT019553004	2817935-3
990207773860206441; 990211261140206441	HT018619426; HT018955193	2819291-6
990207862820206441; 990217879290206441	HT018628300; HT019286510	2819760-4
990207904370206441; 990208088680206441	HT018631531; HT018649709	2820115-2
990207934100206441; 990211578980206441	HT018634485; HT018986939	2820403-7
990208070080206441; 990210659830206441	HT018647856; HT018894995	2821998-3
990208181670206441; 990211694710206441	HT018658892; HT018998632	2823294-X
990208282730206441; 99370980661606441	HT018668981; HT021083115	2824573-8
990208425900206441; 990219721670206441	HT018683322; HT019467579	2826329-7
990208426050206441; 990208639590206441	HT018683337; HT018704633	2826342-X
990208448760206441; 990209621710206441	HT018685630; HT018792141	2826621-3
990208903340206441; 990209807580206441	HT018730763; HT018810752	2831864-X
990208935560206441; 990219125760206441	HT018733976; HT019408687	2832118-2
990209098820206441; 990212714680206441	HT018750365; HT019042286	2833949-6
990209109080206441; 99371356170006441	HT018751387; HT021371974	2834018-8
990209124050206441; 990209349230206441	HT018752905; HT018764971	2834122-3
990209295000206441; 990211702790206441	HT018759514; HT018999366	2835089-3
990209403290206441; 990210119140206441	HT018770377; HT018842026	2836194-5
990209463680206441; 990210301770206441	HT018776351; HT018859235	2836710-8
990209656050206441; 990210634920206441	HT018795511; HT018892567	2838817-3
990209682200206441; 990225476340206441	HT018798148; HT019740050	2839094-5
990209840690206441; 990211706420206441	HT018814092; HT018999820	2840726-X
990209885480206441; 990210136370206441	HT018818629; HT018843766	2841152-3
990209950950206441; 990210744210206441	HT018825199; HT018903443	2841896-7
990209964450206441; 990210623600206441	HT018826569; HT018891417	2841967-4
990209965070206441; 990214577710206441	HT018826631; HT019195481	2842024-X
990210441440206441; 990210567510206441	HT018873098; HT018885729	2845446-7
990210507350206441; 990223879290206441	HT018879706; HT019667383	2846223-3
990210536410206441; 990363815460206441	HT018882648; HT020189475	2846508-8
990210541770206441; 990212938770206441	HT018883180; HT019064364	2846524-6
990210553170206441; 990214481080206441	HT018884331; HT019185940	2846690-1
990210816810206441; 990220632390206441	HT018910721; HT019557058	2849077-0
990211298640206441; 990214583520206441	HT018958962; HT019196047	2854261-7
990211541750206441; 990370344340206441	HT018983201; HT020841153	2856897-7
990211726290206441; 990212821880206441	HT019001772; HT019052883	2858815-0
990211806280206441; 990213733250206441	HT019009367; HT019111620	2859471-X
990211821140206441; 990212537780206441	HT019010856; HT019024591	2859637-7
990212521000206441; 990213500580206441	HT019022931; HT019088500	2860708-9
990212668270206441; 990212699550206441	HT019037603; HT019040756	2862539-0
990212805700206441; 990214576280206441	HT019051289; HT019195350	2863987-X
990213792320206441; 990214163150206441	HT019117572; HT019154445	2870732-1
990213813680206441; 990366317360206441	HT019119639; HT020438938	2870953-6
990213876270206441; 990219459040206441	HT019125875; HT019441843	2871445-3
990213907330206441; 990227331940206441	HT019128966; HT019925334	2872073-8
990214096540206441; 990222863210206441	HT019147815; HT019566197	2873962-0
990214206000206441; 990217680000206441	HT019158730; HT019266881	2875074-3
990214328720206441; 990214407930206441	HT019170896; HT019178749	2876354-3
990214400940206441; 990214875080206441	HT019178073; HT019224592	2876876-0
990214461710206441; 990214579920206441	HT019184004; HT019195702	2877468-1
990214489470206441; 990368904290206441	HT019186783; HT020697135	2877833-9
990214675370206441; 990219175450206441	HT019205086; HT019413617	2879746-2
990214704800206441; 990219395790206441	HT019207958; HT019435539	2880082-5
990214768020206441; 990219156800206441	HT019214047; HT019411777	2880955-5
990214931210206441; 990218254870206441	HT019230139; HT019322792	2882772-7
990215028850206441; 990218633940206441	HT019239723; HT019360151	2883972-9
990217582440206441; 990217867640206441	HT019257216; HT019285377	2885881-5
990217699620206441; 990218457230206441	HT019268797; HT019342809	2887789-5
990217729610206441; 990218942910206441	HT019271717; HT019390660	2888237-4
990217860000206441; 990218255770206441	HT019284604; HT019322881	2889836-9
990217860750206441; 990219110810206441	HT019284679; HT019407210	2889915-5
990217920550206441; 990226678960206441	HT019290607; HT019860164	2890414-X
990217980940206441; 990227528920206441	HT019296565; HT019944808	2891180-5
990218032130206441; 990219291620206441	HT019301582; HT019425150	2891800-9
990218046150206441; 990225199220206441	HT019302987; HT019712499	2891926-9
990218117720206441; 990225925810206441	HT019310060; HT019784867	2892626-2
990218169520206441; 990220000340206441	HT019315218; HT019493827	2893017-4
990218198380206441; 990218817710206441	HT019318100; HT019378259	2893357-6
990218211770206441; 99371102903906441	HT019319433; HT021176370	2893476-3
990218281380206441; 990218994030206441	HT019325416; HT019395733	2894045-3
990218492700206441; 990218536660206441	HT019346315; HT019350678	2895855-X
990218578300206441; 990366016220206441	HT019354707; HT020408724	2896741-0
990218608840206441; 990370334560206441	HT019357734; HT020840190	2897196-6
990218615550206441; 990365264150206441	HT019358390; HT020333773	2897258-2
990218628350206441; 990219019000206441	HT019359587; HT019398147	2897319-7
990218783220206441; 990219087000206441	HT019374932; HT019404851	2898831-0
990218953290206441; 990219850450206441	HT019391647; HT019479521	2899896-0
990218997390206441; 990223361330206441	HT019396059; HT019615804	2900295-3
990219008730206441; 990219011020206441	HT019397111; HT019397341	2900415-9
990219051530206441; 990219152240206441	HT019401329; HT019411332	2900771-9
990219066130206441; 990219850380206441	HT019402779; HT019479543	2900916-9
990219210730206441; 990223626700206441	HT019417145; HT019642353	2902291-5
990219448710206441; 99375061793206441	HT019440798	2904784-5
990219683960206441; 990220039780206441	HT019463807; HT019497783	2907064-8
990219800460206441; 990225237430206441	HT019474937; HT019716293	2908174-9
990220076670206441; 990223560600206441	HT019501439; HT019635755	2910975-9
990220344960206441; 990227754700206441	HT019528359; HT019967275	2913616-7
990220498480206441; 990223224170206441	HT019543718; HT019602181	2914922-8
990220661660206441; 990222840150206441	HT019559942; HT019563858	2916540-4
990223357980206441; 990228324160206441	HT019615467; HT020024009	2922201-1
990223702730206441; 990366581970206441	HT019649938; HT020465318	2926339-6
990225165530206441; 990363597700206441	HT019709128; HT020167753	2932142-6
990225244500206441; 990367252890206441	HT019717007; HT020532258	2933175-4
990225325280206441; 99371000699406441	HT019724942; HT021095207	2933870-0
990225458720206441; 990226039010206441	HT019738278; HT019796188	2935170-4
990225919070206441; 990366179210206441	HT019784184; HT020425118	2939922-1
990225954850206441; 99374516274606441	HT019787773	2940382-0
990226022500206441; 990367250560206441	HT019794521; HT020532023	2941134-8
990226343230206441; 990227334200206441	HT019826592; HT019925561	2944179-1
990226345030206441; 990227119250206441	HT019826773; HT019904235	2944239-4
990364838350206441; 990365564680206441	HT020291452; HT020363787	2948153-3
990227050850206441; 990363542790206441	HT019897339; HT020162318	2951857-X
990227095470206441; 990363862880206441	HT019901826; HT020194171	2952502-0
990227233610206441; 99372728333806441	HT019915628; HT030130547	2953794-0
990227386920206441; 990364885670206441	HT019930735; HT020296014	2955450-0
990228730440206441; 990368653100206441	HT020064430; HT020672020	2972788-1
990228730890206441; 99371082140906441	HT020064476; HT021163510	2972832-0
990363793260206441; 990366569260206441	HT020187276; HT020464031	2983143-X
990364024950206441; 990365122630206441	HT020210292; HT020319677	2985278-X
990364515290206441; 990367410880206441	HT020259149; HT020548041	2988478-0
990364769030206441; 990367637130206441	HT020284487; HT020570451	2999974-1
990365127550206441; 990366149360206441	HT020320153; HT020422060	3003661-6
990053799990206441; 990210856500206441	HT011186008; HT018914732	300383-8
990365279410206441; 990365280270206441	HT020335307; HT020335394	3005180-0
990054931220206441; 990219016040206441	HT006924441; HT019397850	300975-0
990366019880206441; 990367766460206441	HT020409091; HT020583268	3013449-3
990366157000206441; 990367134350206441	HT020422830; HT020520455	3015497-2
990366239170206441; 990366379030206441	HT020431118; HT020445133	3016893-4
990366303110206441; 990368194620206441	HT020437500; HT020626079	3018474-5
990366452230206441; 99371665954706441	HT020452236; HT021481021	3021348-4
990366686970206441; 990367779590206441	HT020475791; HT020584589	3026494-7
990367468210206441; 990368093220206441	HT020553733; HT020615930	3034157-7
990368010020206441; 99371073283506441	HT020607642; HT021158801	3040741-2
990368146010206441; 990368545600206441	HT020621208; HT020661198	3042530-X
990052822340206441; 990053800530206441	HT001261484; HT011186096	304434-8
990368470560206441; 99374511786806441	HT020653700	3046259-9
990368482130206441; 99374516273406441	HT020654845	3046294-0
990370514060206441; 99371381175006441	HT020858116; HT021387935	3055115-8
99370716286706441; 99370805348206441	HT020884323; HT020938815	3059081-4
99370957145506441; 99370965784506441	HT021067150; HT021073724	3092187-9
99371306604806441; 99371310522106441	HT021332368; HT021344577	3116940-5
99371370057606441; 99371379511206441	HT021380362; HT021386831	3120099-0
99371377336306441; 99371525448506441	HT021385187; HT021460968	3120625-6
99371379687706441; 99371380295306441	HT021387139; HT021387432	3120883-6
990054955470206441; 99371731053206441	HT006927273; HT021571395	312099-5
99371656174606441; 99372015362306441	HT021475677; HT021864437	3134865-8
99371839807606441; 99374437941906441	HT021678724; HT030809131	3143017-X
990101955290206441; 990212701580206441	HT012042976; HT019040965	31433-X
99373072237906441; 99374867461906441	HT030859605	3169249-7
99373963363206441; 99373980466906441	HT030741477	3186198-2
990103048880206441; 990197894410206441	HT012152335; HT017728034	339027-5
990056690320206441; 990213285720206441	HT010911756; HT019067192	351650-7
990053805200206441; 99370712204006441	HT011186615; HT020875710	402669-X
990103218760206441; 990210386830206441	HT012169323; HT018867598	412917-9
990103229760206441; 990204276980206441	HT012170423; HT018299026	414826-5
990053828360206441; 990172067130206441	HT011189260; HT015764262	418993-0
990103258640206441; 990220136150206441	HT012173311; HT019507409	419189-4
990103306850206441; 990189855610206441	HT012178132; HT017082386	427176-2
990101990850206441; 990369028300206441	HT012046532; HT020709537	43093-6
990103343760206441; 990227069860206441	HT012181823	433167-9
990103356440206441; 990176808560206441	HT012183091; HT016075492	434949-0
990053833060206441; 990214921560206441	HT011189803; HT019229193	439987-0
990054225550206441; 990176992930206441	HT002694328; HT016093993	441568-1
990103432930206441; 990204918840206441	HT012190740; HT018359970	446662-7
990103439440206441; 990211326660206441	HT012191391; HT018961746	447631-1
990054654680206441; 990177974720206441	HT006887813; HT016182661	4675-9
990102021190206441; 990181792780206441	HT012049566; HT016480927	47856-8
990103469510206441; 99371774462906441	HT012194398; HT021599022	504432-7
990055137670206441; 990229174200206441	HT006948614; HT020108750	506885-X
990055147850206441; 990171282330206441	HT006949770; HT015685067	512085-8
990053852740206441; 990197650720206441	HT011191976; HT017713713	515230-6
990054004430206441; 99375061695406441	HT001315024	517752-2
990103519920206441; 990148007770206441	HT012199439; TT001716464	518660-2
990103572490206441; 990187074600206441	HT012204696; HT016818951	531048-9
990103669250206441; 990228413730206441	HT012214372; HT020032903	549157-5
990103750760206441; 990198062320206441	HT012222523; HT017743634	562243-8
990102088070206441; 990159384590206441	HT012056254; HT015230878	56621-4
990103777200206441; 990183211830206441	HT012225167; HT016619449	566554-1
990055283660206441; 990187206600206441	HT006964865; HT016831700	569400-0
990102092070206441; 990223694320206441	HT012056654; HT019649098	57119-2
990055294830206441; 990187205160206441	HT006966398; HT016831554	574217-1
990103831960206441; 990198666180206441	HT012230643; HT017801276	576912-7
990055476010206441; 990203234500206441	HT006987471; HT018201866	625340-4
990055523470206441; 990367488900206441	HT006992789; HT020555783	633533-0
990052500850206441; 990228239710206441	HT006995231	636901-7
990104006160206441; 990173388260206441	HT012248063; HT015823327	702922-6
990053992300206441; 99370936237506441	HT001240283; HT021026215	705992-9
990053997610206441; 990369997630206441	HT001264988; HT020806475	716365-4
990052956850206441; 990053890450206441	HT002191856; HT011196096	721583-6
990055639620206441; 990226613030206441	HT007006400	725889-6
990053890890206441; 990185791060206441	HT011196145; TT003077606	740293-4
990104204940206441; 990187530830206441	HT012267941; HT016863350	756917-8
990104233640206441; 990193736800206441	HT012270811; HT017461006	761118-3
990053906670206441; 990211821760206441	HT011197883; HT019010918	763345-2
990104267170206441; 990220174070206441	HT012274164; HT019511202	766298-1
990104270450206441; 990178491860206441	HT012274492; HT016232621	766820-X
990053908820206441; 990211079310206441	HT011198153; HT018937061	782763-5
990104385180206441; 99374959307506441	HT012285965	786538-7
990052890230206441; 990053910550206441	HT002110689; HT011198374	796695-7
990104467910206441; 990206529710206441	HT012294238; HT018511216	802812-6
990052988820206441; 990115056830206441	HT002909905; HT013179856	8169-3
990104527560206441; 990180985660206441	HT012300203; HT016404859	842001-4
990104527630206441; 990197199390206441	HT012300210; HT017681604	842010-5
990104539010206441; 990195271930206441	HT012301348; HT017611344	843536-4
990104546960206441; 990207504050206441	HT012302143; HT018605234	844483-3
990052987020206441; 990104566020206441	HT002899555; HT012304049	846655-5
990104576470206441; 990218416450206441	HT012305094; HT019338842	847929-X
990104763780206441; 990226727080206441	HT012323825; HT019864987	871799-0
990102188110206441; 990210881870206441	HT012066258; HT018917150	91000-4
990053916000206441; 990171555120206441	HT011198970; HT015712711	914914-4
990053918120206441; 990172006450206441	HT011199230; HT015758107	963372-8
990052908600206441; 990053920780206441	HT002155268; HT011199534	972780-2
990105057040206441; 990163930740206441	HT012353151; HT015370217	973337-1
990054390850206441; 990368046940206441	HT003994391; HT020611319	995324-3
990053926130206441; 990212793420206441	HT011200118; HT019050074	996010-7
