callNumber	source
1C 236-2,5; LWES 6.01:1	391
2C 1923	391
2C 1972	391
2C 2650	391
2C 2721	391
2C 2874	391
2C 2891	391
2C 2894	391
2C 3140	391
2C 3144	391
2C 3217	391
2C 3226	391
2C 3227	391
2C 3228	391
2C 3239	391
2C 3253	391
2C 3261	391
2C 3263	391
2C 3265	391
2C 3267	391
2C 3299	391
2C 3313	391
2C 3317	391
2C 3387	391
2C 3393	391
2C 3406	391
2C 3418	391
2C 3450	391
2C 3454	391
2C 3468	391
2C 3471	391
2C 3481	391
2C 3482	391
2C 3490	391
2C 3498	391
2C 3524	391
2C 3544	391
2C 3607	391
2C 3609	391
2C 3613	391
2C 3615	391
2C 3617	391
2C 3620	391
2C 3627	391
2C 3628	391
2C 3636	391
2C 3638	391
2C 3639	391
2C 3662	391
2C 3663	391
2C 3680	391
2C 3682	391
2C 3683	391
2C 3684	391
2C 3685	391
2C 3686	391
2C 3687	391
2C 3689	391
2C 3693	391
2C 3695	391
2C 3711	391
2C 3713	391
2C 3741	391
2C 3751	391
2C 3756	391
2C 3766	391
2C 3767	391
2C 3769	391
2C 3784	391
2C 3790	391
2C 3809	391
2C 3810	391
2C 3814	391
2C 3826	391
2C 3864	391
2C 3866	391
2C 3867	391
2C 3868	391
2C 3870	391
2C 3871	391
2C 3874	391
2C 3877	391
2C 3879	391
2C 3884	391
2C 3889	391
2C 3895	391
2C 3900	391
2C 3923	391
2C 3933	391
2C 3938	391
2C 3940	391
2C 3947	391
2C 3958	391
2C 3961	391
2C 3963	391
2C 3964	391
2C 3967	391
2C 3969	391
2C 3970	391
2C 3972	391
2C 3975	391
2C 3977	391
2C 3980	391
2C 3992	391
2C 3995	391
2C 4000	391
2C 4019	391
2C 4052	391
2C 4055	391
2C 4058	391
2C 4061	391
2C 4067	391
2C 4077	391
2C 4079	391
2C 4081	391
2C 4083	391
2C 4088	391
2C 4093	391
2C 4151	391
2C 4155	391
2C 4164	391
2C 4168	391
2C 4178	391
2C 4265	391
2C 4268	391
2C 4277	391
2C 4278	391
2C 4280	391
2C 4282	391
2C 4288	391
2C 4291	391
2C 4304	391
2C 4308	391
2C 4309	391
2C 4311	391
2C 4314	391
2C 4315	391
2C 4316	391
2C 4320	391
2C 4322	391
2C 4328	391
2C 4331	391
2C 4332	391
2C 4337	391
2C 4348	391
2C 4349	391
2C 4351	391
2C 4374	391
2C 4375	391
2C 4376	391
2C 4385	391
2C 4387	391
2C 4395	391
2C 4402	391
2C 4417	391
2C 4450	391
2C 4452	391
2C 4456	391
2C 4457	391
2C 4461	391
2C 4463	391
2C 4470	391
2C 4471	391
2C 4479	391
2C 4492 ; 430: Architektur und Stadtplanung	391
2C 4504	391
2C 4515	391
2C 4516	391
2C 4519	391
2C 4523	391
2C 4525	391
2C 4530	391
2C 4534	391
2C 4536	391
2C 4543	391
2C 4547	391
2C 4607	391
2C 4611	391
2C 4624	391
2C 4626	391
2C 4674	391
2C 4684	391
2C 4685	391
2C 4765	391
2C 4783	391
2C 4801	391
2C 4833	391
2C 4843	391
2C 4844	391
2C 4868	391
2C 4875	391
2C 4876	391
2C 4877	391
2C 4879	391
2C 4883	391
2C 4887	391
2C 4888	391
2C 4890	391
2C 4891	391
2C 4893	391
2C 4898	391
2C 4899	391
2C 4912	391
2C 4914	391
2C 4958	391
2C 4965	391
2C 4966	391
2C 4968	391
2C 4973	391
2C 4974	391
2C 4975	391
2C 4976	391
2C 4980	391
2C 4981	391
2C 4991	391
2C 4994	391
2C 4995	391
2C 5008	391
2C 5044	391
2C 5053	391
2C 5059	391
2C 5068	391
2C 5069	391
2C 5070	391
2C 5081	391
2C 5090	391
2C 5096	391
2C 5120	391
2C 5125	391
2C 5129	391
2C 5137	391
2C 5141	391
2C 5142	391
2C 5143	391
2C 5151	391
2C 5152	391
2C 5158	391
2C 5159	391
2C 5168	391
2C 5169	391
2C 5170	391
2C 5178	391
2C 5180	391
2C 5182	391
2C 5204	391
2C 5211	391
2C 5215	391
2C 5285	391
2C 5286	391
2C 5291	391
2C 5292	391
2C 5293	391
2C 5294	391
2C 5304	391
2C 5306	391
2C 5307	391
2C 5334	391
2C 5348	391
2C 5350	391
2C 5374	391
2C 5375	391
2C 5376	391
2C 5377	391
2C 5383	391
2C 5407	391
2C 5411	391
2C 5416	391
2C 5422	391
2C 5445	391
2C 5461	391
2C 5463	391
2C 5478	391
2C 5484	391
2C 5485	391
2C 5489	391
2C 5490	391
2C 5491	391
2C 5495	391
2C 5496	391
2C 5498	391
2C 5501	391
2C 5507	391
2C 5513	391
2C 5520	391
2C 5530	391
2C 5535	391
2C 5537	391
2C 5539	391
2C 5580	391
2C 5589	391
2C 5594	391
2C 5595	391
2C 5625	391
2C 5646	391
2C 5648	391
2C 5665	391
2C 5666	391
2C 5668	391
2C 5669	391
2C 5673	391
2C 5684	391
2C 5686	391
2C 5692	391
2C 5694	391
2C 5696	391
2C 5708	391
2C 5717	391
2C 5720	391
2C 5722	391
2C 5724	391
2C 5749; 3C 24935	391
2C 5812	391
2C 5817	391
2C 5819	391
2C 5820	391
2C 5821	391
2C 5822	391
2C 5823	391
2C 5825	391
2C 5840	391
2C 5845	391
2C 5876	391
2C 5883	391
2C 5889	391
2C 5894	391
2C 5895	391
2C 5897	391
2C 5937	391
2C 5938	391
2C 5943	391
2C 5946	391
2C 5950	391
2C 5951	391
2C 5995	391
2C 5996	391
2C 6003	391
2C 6006	391
2C 6007	391
2C 6009	391
2C 6013	391
2C 6015	391
2C 6017	391
2C 6028	391
2C 6061	391
2C 6065	391
2C 6068	391
2C 6072	391
2C 6074	391
2C 6079	391
2C 6080	391
2C 6081	391
2C 6085	391
2C 6087	391
2C 6088	391
2C 6099	391
2C 6172	391
2C 6194	391
2C 6200	391
2C 6203	391
2C 6231	391
2C 6234	391
2C 6239	391
2C 6240	391
2C 6247	391
2C 6249	391
2C 6266	391
2C 6272	391
2C 6275	391
2C 6277	391
2C 6281	391
2C 6283	391
2C 6290	391
2C 6291	391
2C 6294	391
2C 6361	391
2C 6363	391
2C 6365	391
2C 6366	391
2C 6372	391
2C 6375	391
2C 6378	391
2C 6391	391
2C 6394	391
2C 6424	391
2C 6425	391
2C 6426	391
2C 6428	391
2C 6429	391
2C 6430	391
2C 6431	391
2C 6444	391
2C 6445	391
2C 6446	391
2C 6447	391
2C 6458	391
2C 6473	391
2C 6492	391
2C 6494	391
2C 6580	391
2C 6583	391
2C 6590	391
2C 6592	391
2C 6602	391
2C 6604	391
2D 3103	391
2D 3497	391
2D 3518	391
2D 3587	391
2D 3689	391
2D 3699	391
2D 3808	391
2D 3816	391
2D 3840	391
2D 3841	391
2D 3850	391
2D 3851	391
2D 3854 ; Autoren sind mit unterschiedlichen Anteilen am Werk beteiligt	391
2D 3857	391
2D 3863	391
2D 3864	391
2D 3865	391
2D 3867	391
2D 3869	391
2D 3870	391
2D 3881	391
2D 3882	391
2D 3883	391
2D 3896	391
2D 3900	391
2D 3967	391
2D 3981	391
2D 3985	391
2D 4016	391
2D 4024	391
2D 4043	391
2D 4048	391
2D 4049	391
2D 4051	391
2D 4077	391
2D 4082	391
2D 4089	391
2D 4091	391
2D 4096	391
2D 4111	391
2D 4114	391
2D 4145	391
2D 4154	391
2D 4158	391
2D 4168	391
2D 4178	391
2D 4180	391
2D 4183	391
2D 4184	391
2D 4199	391
2D 4200	391
2D 4209	391
2D 4218	391
2D 4219	391
2D 4220	391
2D 4227	391
2D 4228	391
2D 4243	391
2D 4247	391
2D 4248	391
2D 4249	391
2D 4250	391
2D 4252	391
2D 4254	391
2D 4258	391
2D 4263	391
2D 4264	391
2D 4265	391
2D 4267	391
2D 4268	391
2D 4275	391
2D 4276	391
2D 4278	391
2D 4319	391
2D 4320	391
2D 4326	391
2D 4339	391
2D 4379	391
2D 4400	391
2D 4401	391
2D 4421	391
2D 4422	391
2D 4423	391
2D 4425	391
2D 4429	391
2D 4431	391
2D 4436	391
2D 4437	391
2D 4445	391
2D 4475	391
2D 4477	391
2D 4492	391
2D 4516	391
2D 4523	391
2D 4527	391
2D 4534	391
2D 4538	391
2D 4539	391
2D 4540	391
2D 4542	391
2D 4544	391
2D 4548	391
2D 4656	391
2D 4660	391
2D 4667	391
2D 4669	391
2D 4671	391
2D 4673	391
2D 4676	391
2D 4684	391
2D 4698	391
2D 4699	391
2D 4700	391
2D 4752	391
2D 4756	391
2D 4759	391
2D 4760	391
2D 4766	391
2D 4771	391
2D 4772	391
2D 4777	391
2D 4782	391
2D 4783	391
2D 4786	391
2D 4793	391
2D 4796	391
2D 4800	391
2D 4807	391
2D 4809 ; Einzelbeiträge müssen noch ausgewertet werden!	391
2D 4811	391
2D 4813	391
2D 4814	391
2D 4816	391
2D 4817	391
2D 4818	391
2D 4819	391
2D 4825	391
2D 4833	391
2D 4835	391
2D 4836	391
2D 4844	391
2D 4848	391
2D 4873	391
2D 4914	391
2D 4943	391
2D 4954	391
2D 4963	391
2D 4967	391
2D 4972	391
2D 4973	391
2D 4976	391
2D 4978	391
2D 4980	391
2D 4981	391
2D 4988	391
2D 5048	391
2D 5089	391
2D 5090	391
2D 5140	391
2D 5169	391
2D 5182	391
2D 5189	391
2D 5190	391
2D 5202	391
2D 5213	391
2D 5216	391
2D 5218	391
2D 5219	391
2D 5220	391
2D 5222	391
2D 5224	391
2D 5226	391
2D 5231	391
2D 5240	391
2D 5260	391
2D 5261	391
2D 5264	391
2D 5269	391
2D 5272	391
2D 5276	391
2D 5277	391
2D 5280	391
2D 5284	391
2D 5285	391
2D 5286	391
2D 5289 ; nicht Brauchtum verschlagworten	391
2D 5292	391
2D 5333	391
2D 5352	391
2D 5372	391
2D 5403	391
2D 5404	391
2D 5408	391
2D 5409	391
2D 5413	391
2D 5425	391
2D 5435	391
2D 5436	391
2D 5439	391
2D 5447	391
2D 5451	391
2D 5453	391
2D 5456	391
2D 5461	391
2D 5464	391
2D 5486	391
2D 5491	391
2D 5493	391
2D 5495	391
2D 5506	391
2D 5508	391
2D 5517	391
2D 5520	391
2D 5521	391
2D 5532	391
2D 5539	391
2D 5544	391
2D 5545	391
2D 5564	391
2D 5582	391
2D 5592	391
2D 5596	391
2D 5617	391
2D 5623	391
2D 5629	391
2D 5631	391
2D 5633	391
2D 5636	391
2D 5646	391
2D 5657	391
2D 5659	391
2D 5662	391
2D 5680	391
2D 5731	391
2D 5732	391
2D 5751	391
2D 5779	391
2D 5783	391
2D 5793	391
2D 5796	391
2D 5812	391
2D 5817	391
2D 5821	391
2D 5824	391
2D 5827	391
2D 5828	391
2D 5832	391
2D 5833	391
2D 5835	391
2D 5837	391
2D 5845	391
2D 5849	391
2D 5861	391
2D 5864	391
2D 5871	391
2D 5875	391
2D 5951	391
2D 5953	391
2D 5954	391
2D 5955	391
2D 5968	391
2D 5969	391
2D 5972	391
2D 5975	391
2D 5979	391
2D 6043	391
2D 6088	391
2D 6089	391
2D 6090	391
2D 6092	391
2D 6102	391
2D 6103	391
2D 6105	391
2D 6106	391
2D 6108	391
2D 6110	391
2D 6111	391
2D 6114	391
2D 6124	391
2D 6127	391
2D 6133	391
2D 6136	391
2D 6145	391
2D 6146	391
2D 6149	391
2D 6194	391
2D 6233	391
2D 6236	391
2D 6239	391
2D 6243	391
2D 6253	391
2D 6255	391
2D 6265	391
2D 6269	391
2D 6273	391
2D 6274	391
2D 6280	391
2D 6297	391
2D 6341	391
2D 6366	391
2D 6414	391
2D 6440	391
2D 6445	391
2D 6450	391
2D 6462	391
2D 6468	391
2D 6469	391
2D 6470	391
2D 6471	391
2D 6474	391
2D 6497	391
2D 6511	391
2D 6559	391
2D 6624	391
2D 6629	391
2D 6638	391
2D 6652	391
2E 12145	391
2E 12444	391
2E 12447	391
2E 12738	391
2E 12742	391
2E 12801	391
2E 12876	391
2E 12989	391
2E 13008	391
2E 13012	391
2E 13024	391
2E 13032	391
2E 13033	391
2E 13043	391
2E 13045	391
2E 13049	391
2E 13098	391
2E 13103	391
2E 13229	391
2E 13230	391
2E 13260	391
2E 13279	391
2E 13280	391
2E 13286	391
2E 13348	391
2E 13355	391
2E 13363	391
2E 13416	391
2E 13421	391
2E 13438	391
2E 13444	391
2E 13467	391
2E 13470	391
2E 13485	391
2E 13609	391
2E 13612	391
2E 13622	391
2E 13627	391
2E 13636	391
2E 13642	391
2E 13644	391
2E 13646	391
2E 13647	391
2E 13648	391
2E 13684	391
2E 13685	391
2E 13725	391
2E 13740	391
2E 13743	391
2E 13744	391
2E 13749	391
2E 13783	391
2E 13785	391
2E 13786	391
2E 13810	391
2E 13978	391
2E 13982	391
2E 14000	391
2E 14009	391
2E 14014	391
2E 14031	391
2E 14032	391
2E 14071	391
2E 14122	391
2E 14134	391
2E 14135	391
2E 14136	391
2E 14137	391
2E 14139	391
2E 14140	391
2E 14141	391
2E 14146	391
2E 14164	391
2E 14175	391
2E 14187	391
2E 14191	391
2E 14194	391
2E 14197	391
2E 14199	391
2E 14208	391
2E 14209	391
2E 14210	391
2E 14229	391
2E 14238	391
2E 14359	391
2E 14361	391
2E 14370	391
2E 14380	391
2E 14382	391
2E 14383	391
2E 14384	391
2E 14386	391
2E 14392 ; LWES	391
2E 14466	391
2E 14474	391
2E 14475	391
2E 14476	391
2E 14482	391
2E 14490	391
2E 14491	391
2E 14501	391
2E 14515	391
2E 14516	391
2E 14552	391
2E 14553	391
2E 14566	391
2E 14570	391
2E 14575	391
2E 14576	391
2E 14597	391
2E 14598	391
2E 14609	391
2E 14649	391
2E 14657	391
2E 14673	391
2E 14674	391
2E 14678	391
2E 14692	391
2E 14693	391
2E 14698	391
2E 14728	391
2E 14734	391
2E 14735	391
2E 14738	391
2E 14754	391
2E 14782	391
2E 14795	391
2E 14805	391
2E 14860	391
2E 14908	391
2E 14923	391
2E 14930	391
2E 15022	391
2E 15024	391
2E 15045	391
2E 15060	391
2E 15068	391
2E 15070	391
2E 15086	391
2E 15088	391
2E 15153	391
2E 15187	391
2E 15322	391
2E 15345	391
2E 15350	391
2E 15354	391
2E 15364	391
2E 15385	391
2E 15387	391
2E 15396	391
2E 15416	391
2E 15423	391
2E 15427	391
2E 15468	391
2E 15506	391
2E 15525	391
2E 15554	391
2E 15558	391
2E 15582	391
2E 15584	391
2E 15590	391
2E 15592	391
2E 15593	391
2E 15598	391
2E 15670	391
2E 15687	391
2E 15695	391
2E 15696	391
2E 15701	391
2E 15709	391
2E 15712	391
2E 15715	391
2E 15721	391
2E 15727	391
2E 15731	391
2E 15734	391
2E 15737	391
2E 15746	391
2E 15749	391
2E 15765	391
2E 15781	391
2E 15782	391
2E 15851 ; nicht die Biographie von Werner Rafael	391
2E 15866	391
2E 15877	391
2E 15897	391
2E 16001	391
2E 16011	391
2E 16033	391
2E 16034	391
2E 16038	391
2E 16042	391
2E 16085	391
2E 16086	391
2E 16088	391
2E 16093	391
2E 16096	391
2E 16126	391
2E 16175	391
2E 16179	391
2E 16181	391
2E 16211	391
2E 16267	391
2E 16268	391
2E 16322	391
2E 16336	391
2E 16339	391
2E 16344	391
2E 16345	391
2E 16346	391
2E 16347	391
2E 16348	391
2E 16349	391
2E 16352	391
2E 16358	391
2E 16440	391
2E 16462	391
2E 16463	391
2E 16467	391
2E 16475	391
2E 16476	391
2E 16479	391
2E 16480	391
2E 16515	391
2E 16520	391
2E 16559	391
2E 16574	391
2E 16581	391
2E 16595	391
2E 16596	391
2E 16620	391
2E 16621	391
2E 16623	391
2E 16624	391
2E 16697	391
2E 16702	391
2E 16704	391
2E 16716	391
2E 16776	391
2E 16785	391
2E 16786	391
2E 16803	391
2E 16823	391
2E 16825	391
2E 16842	391
2E 16851	391
2E 16990	391
2E 16991	391
2E 17000	391
2E 17031	391
2E 17032	391
2E 17035	391
2E 17037	391
2E 17039	391
2E 17068	391
2E 17079	391
2E 17080	391
2E 17087	391
2E 17088	391
2E 17090	391
2E 17094	391
2E 17234	391
2E 17235	391
2E 17249	391
2E 17250	391
2E 17261	391
2E 17265	391
2E 17266	391
2E 17268	391
2E 17273	391
2E 17275	391
2E 17276	391
2E 17277	391
2E 17278	391
2E 17279	391
2E 17283	391
2E 17285	391
2E 17288	391
2E 17290	391
2E 17292	391
2E 17295	391
2E 17296	391
2E 17299	391
2E 17359	391
2E 17402	391
2E 17403	391
2E 17405	391
2E 17407	391
2E 17412	391
2E 17414	391
2E 17430	391
2E 17443	391
2E 17444	391
2E 17445	391
2E 17492	391
2E 17498	391
2E 17506	391
2E 17511	391
2E 17664	391
2E 17673	391
2E 17751	391
2E 17752	391
2E 17753	391
2E 17756	391
2E 17757	391
2E 17766	391
2E 17775	391
2E 17782	391
2E 17787	391
2E 17789	391
2E 17794	391
2E 17813	391
2E 17817	391
2E 17872	391
2E 18015	391
2E 18032	391
2E 18076	391
2E 18184	391
2E 18231	391
2E 18234	391
2E 18238	391
2E 18250	391
2E 18271	391
2E 18284	391
2E 18289	391
2E 18294	391
2E 18341	391
2E 18429	391
2E 18432	391
2E 18450	391
2E 18471	391
2E 18472	391
2E 18474	391
2E 18487	391
2E 18498	391
2E 18499	391
2E 18508	391
2E 18526	391
2E 18538	391
2E 18543	391
2E 18544	391
2E 18611	391
2E 18623	391
2E 18734	391
2E 18751	391
2E 18765	391
2E 18777	391
2E 18867	391
2E 18929	391
2E 18930	391
2E 18941	391
2E 18945	391
2E 18946	391
2E 18955	391
2E 18956	391
2E 18965	391
2E 18966	391
2E 18967	391
2E 18970	391
2E 18988	391
2E 19101	391
2E 19112	391
2E 19202	391
2E 19206	391
2E 19213	391
2E 19217	391
2E 19218	391
2E 19270	391
2E 19288	391
2E 19321	391
2E 19347	391
2E 19431	391
2E 19437	391
2E 19446	391
2H 10014	391
2H 10021	391
2H 10053	391
2H 10055	391
2H 10057	391
2H 10060	391
2H 10061	391
2H 10102	391
2H 10103	391
2H 10104	391
2H 10105	391
2H 10115	391
2H 10125	391
2H 10146	391
2H 10150	391
2H 10163	391
2H 10165	391
2H 10220	391
2H 10234	391
2H 10236	391
2H 10237	391
2H 10247	391
2H 10248	391
2H 10258	391
2H 10266	391
2H 10267	391
2H 10273	391
2H 10284	391
2H 10285	391
2H 10288	391
2H 10292	391
2H 10293	391
2H 10332	391
2H 10336	391
2H 10338	391
2H 10339	391
2H 10342	391
2H 10343	391
2H 10352	391
2H 10358	391
2H 10364	391
2H 10370	391
2H 10371	391
2H 10377	391
2H 10391	391
2H 10392	391
2H 10395	391
2H 10396	391
2H 10402	391
2H 10408	391
2H 10425	391
2H 10426	391
2H 10442	391
2H 10443	391
2H 10445	391
2H 10446	391
2H 10447	391
2H 10449	391
2H 10453	391
2H 10457	391
2H 10458	391
2H 10460	391
2H 10466	391
2H 10468	391
2H 10474	391
2H 10475	391
2H 10479	391
2H 10481	391
2H 10487	391
2H 10488	391
2H 10490	391
2H 10498	391
2H 10527	391
2H 10529	391
2H 10530	391
2H 10531	391
2H 10532	391
2H 10533	391
2H 10544	391
2H 10547	391
2H 10556	391
2H 10568	391
2H 10599	391
2H 10604	391
2H 10635	391
2H 10638	391
2H 10640	391
2H 10654	391
2H 10655	391
2H 10657	391
2H 10670	391
2H 10671	391
2H 10686	391
2H 10698	391
2H 2502	391
2H 2504	391
2H 2811	391
2H 2859	391
2H 3323	391
2H 3663	391
2H 3668	391
2H 3671	391
2H 3692	391
2H 3694	391
2H 3697	391
2H 3700	391
2H 3731	391
2H 3804	391
2H 3857	391
2H 3864	391
2H 3910	391
2H 3918	391
2H 3919	391
2H 3957	391
2H 3985	391
2H 3986	391
2H 3990	391
2H 4000	391
2H 4009	391
2H 4034	391
2H 4042	391
2H 4044	391
2H 4047	391
2H 4049	391
2H 4050	391
2H 4071	391
2H 4106	391
2H 4117	391
2H 4127	391
2H 4132	391
2H 4157	391
2H 4166	391
2H 4167	391
2H 4168	391
2H 4185	391
2H 4201	391
2H 4209	391
2H 4245	391
2H 4248	391
2H 4249	391
2H 4281	391
2H 4282	391
2H 4290	391
2H 4291	391
2H 4295	391
2H 4307	391
2H 4310	391
2H 4319	391
2H 4322	391
2H 4347	391
2H 4348	391
2H 4353	391
2H 4364	391
2H 4366	391
2H 4372	391
2H 4377	391
2H 4378	391
2H 4382	391
2H 4384	391
2H 4388	391
2H 4416	391
2H 4419	391
2H 4421	391
2H 4440	391
2H 4499	391
2H 4511	391
2H 4539	391
2H 4540	391
2H 4542	391
2H 4550	391
2H 4551	391
2H 4552	391
2H 4553	391
2H 4554	391
2H 4559	391
2H 4560	391
2H 4562	391
2H 4564	391
2H 4569	391
2H 4570	391
2H 4581	391
2H 4621	391
2H 4626	391
2H 4628	391
2H 4629	391
2H 4637	391
2H 4638	391
2H 4640	391
2H 4645	391
2H 4646	391
2H 4652	391
2H 4654	391
2H 4656	391
2H 4657	391
2H 4698	391
2H 4701	391
2H 4707	391
2H 4708	391
2H 4709	391
2H 4710	391
2H 4711	391
2H 4714	391
2H 4718	391
2H 4719	391
2H 4722	391
2H 4724	391
2H 4725	391
2H 4737	391
2H 4740	391
2H 4748	391
2H 4753	391
2H 4757	391
2H 4759	391
2H 4766	391
2H 4767	391
2H 4769	391
2H 4770	391
2H 4773	391
2H 4774	391
2H 4776	391
2H 4781	391
2H 4801	391
2H 4835	391
2H 4839	391
2H 4861	391
2H 4895	391
2H 4912	391
2H 4969	391
2H 5003	391
2H 5005	391
2H 5009	391
2H 5035	391
2H 5051	391
2H 5058	391
2H 5073	391
2H 5076	391
2H 5077	391
2H 5078	391
2H 5079	391
2H 5080	391
2H 5088	391
2H 5090	391
2H 5094	391
2H 5100	391
2H 5104	391
2H 5109	391
2H 5118	391
2H 5119	391
2H 5120	391
2H 5174	391
2H 5179	391
2H 5187	391
2H 5189	391
2H 5195	391
2H 5198	391
2H 5201	391
2H 5206	391
2H 5207	391
2H 5209	391
2H 5211	391
2H 5212	391
2H 5215	391
2H 5217	391
2H 5223	391
2H 5227	391
2H 5232	391
2H 5252	391
2H 5253 ; 1.Aufl.: 2H 5983	391
2H 5256	391
2H 5259	391
2H 5266	391
2H 5267	391
2H 5268	391
2H 5270	391
2H 5271	391
2H 5277	391
2H 5278	391
2H 5282	391
2H 5283	391
2H 5287	391
2H 5289	391
2H 5296	391
2H 5305	391
2H 5306	391
2H 5307	391
2H 5356	391
2H 5359	391
2H 5363	391
2H 5366	391
2H 5368	391
2H 5372	391
2H 5375	391
2H 5388	391
2H 5402	391
2H 5403	391
2H 5404	391
2H 5405	391
2H 5426	391
2H 5427	391
2H 5428	391
2H 5429	391
2H 5430	391
2H 5431	391
2H 5452	391
2H 5458	391
2H 5459	391
2H 5463	391
2H 5464	391
2H 5469	391
2H 5471	391
2H 5473	391
2H 5474	391
2H 5475	391
2H 5485	391
2H 5539	391
2H 5543	391
2H 5545	391
2H 5551	391
2H 5557	391
2H 5568	391
2H 5593	391
2H 5644	391
2H 5653	391
2H 5656	391
2H 5660	391
2H 5665	391
2H 5666	391
2H 5682	391
2H 5686	391
2H 5701	391
2H 5707	391
2H 5709	391
2H 5729	391
2H 5730	391
2H 5731	391
2H 5744	391
2H 5747	391
2H 5765	391
2H 5777	391
2H 5794	391
2H 5795	391
2H 5805	391
2H 5806	391
2H 5807	391
2H 5813	391
2H 5814	391
2H 5817	391
2H 5827	391
2H 5831	391
2H 5832	391
2H 5844	391
2H 5862	391
2H 5865	391
2H 5867	391
2H 5899	391
2H 5900	391
2H 5907	391
2H 5917	391
2H 5919	391
2H 5923	391
2H 5925	391
2H 5928	391
2H 5929	391
2H 5939	391
2H 5946	391
2H 5954	391
2H 5959	391
2H 5963	391
2H 5966	391
2H 5967	391
2H 5973	391
2H 5977	391
2H 5978	391
2H 5980	391
2H 5984	391
2H 5990	391
2H 5994	391
2H 6001	391
2H 6026	391
2H 6027	391
2H 6036	391
2H 6073	391
2H 6079	391
2H 6104	391
2H 6107	391
2H 6127	391
2H 6138	391
2H 6141	391
2H 6159	391
2H 6160	391
2H 6162	391
2H 6164	391
2H 6170	391
2H 6175	391
2H 6183	391
2H 6206	391
2H 6208	391
2H 6226	391
2H 6282	391
2H 6285	391
2H 6291	391
2H 6292	391
2H 6304	391
2H 6313	391
2H 6319	391
2H 6328	391
2H 6329	391
2H 6330	391
2H 6360	391
2H 6361	391
2H 6387	391
2H 6419	391
2H 6422	391
2H 6426	391
2H 6427	391
2H 6429	391
2H 6432	391
2H 6442	391
2H 6456	391
2H 6457	391
2H 6459	391
2H 6467	391
2H 6470	391
2H 6474	391
2H 6479	391
2H 6480	391
2H 6481	391
2H 6488	391
2H 6498	391
2H 6503	391
2H 6513	391
2H 6519	391
2H 6521	391
2H 6529	391
2H 6530	391
2H 6531	391
2H 6546	391
2H 6550	391
2H 6551	391
2H 6553	391
2H 6575	391
2H 6601	391
2H 6653	391
2H 6664	391
2H 6665	391
2H 6671	391
2H 6748	391
2H 6753	391
2H 6757	391
2H 6758	391
2H 6807	391
2H 6808	391
2H 6810	391
2H 6811	391
2H 6812	391
2H 6834	391
2H 6835	391
2H 6836	391
2H 6837	391
2H 6846	391
2H 6848	391
2H 6850	391
2H 6854	391
2H 6855	391
2H 6856	391
2H 6857	391
2H 6858	391
2H 6870	391
2H 6875	391
2H 6879	391
2H 6880	391
2H 6883	391
2H 6884	391
2H 6890	391
2H 6891	391
2H 6892	391
2H 6896	391
2H 6897	391
2H 6899	391
2H 6901	391
2H 6903	391
2H 6904	391
2H 6908	391
2H 6909	391
2H 6910	391
2H 6911	391
2H 6914	391
2H 6915	391
2H 6918	391
2H 6919	391
2H 6924	391
2H 6926	391
2H 6927	391
2H 6928	391
2H 6930	391
2H 6931	391
2H 6938	391
2H 6943	391
2H 6944	391
2H 6945	391
2H 6947	391
2H 6950	391
2H 6960	391
2H 6961	391
2H 7004	391
2H 7005	391
2H 7006	391
2H 7007	391
2H 7008	391
2H 7009	391
2H 7010	391
2H 7011	391
2H 7013	391
2H 7015	391
2H 7018	391
2H 7033	391
2H 7036	391
2H 7045	391
2H 7046	391
2H 7048	391
2H 7081	391
2H 7086	391
2H 7087	391
2H 7090	391
2H 7095	391
2H 7176	391
2H 7177	391
2H 7251	391
2H 7273	391
2H 7275	391
2H 7282	391
2H 7289	391
2H 7290	391
2H 7291	391
2H 7292	391
2H 7296	391
2H 7297	391
2H 7298	391
2H 7311	391
2H 7314	391
2H 7315	391
2H 7316	391
2H 7317	391
2H 7321	391
2H 7322	391
2H 7341	391
2H 7342	391
2H 7343	391
2H 7346	391
2H 7352	391
2H 7357	391
2H 7358	391
2H 7360	391
2H 7365	391
2H 7366	391
2H 7367	391
2H 7369	391
2H 7371	391
2H 7373	391
2H 7374	391
2H 7376	391
2H 7381	391
2H 7388	391
2H 7391	391
2H 7393	391
2H 7401	391
2H 7402	391
2H 7404	391
2H 7405	391
2H 7408	391
2H 7454	391
2H 7455	391
2H 7456	391
2H 7457	391
2H 7466	391
2H 7467	391
2H 7491	391
2H 7492	391
2H 7494	391
2H 7533	391
2H 7546	391
2H 7547	391
2H 7562	391
2H 7608	391
2H 7609	391
2H 7611	391
2H 7612	391
2H 7614	391
2H 7615	391
2H 7617	391
2H 7627	391
2H 7630	391
2H 7635	391
2H 7649	391
2H 7656	391
2H 7657	391
2H 7658	391
2H 7661	391
2H 7665	391
2H 7672	391
2H 7673	391
2H 7674	391
2H 7679	391
2H 7687	391
2H 7710	391
2H 7715	391
2H 7716	391
2H 7722	391
2H 7730	391
2H 7731	391
2H 7734	391
2H 7742	391
2H 7750	391
2H 7754	391
2H 7756	391
2H 7759	391
2H 7792 ; nicht identisch mit FG 56736, hier: neuere Daten	391
2H 7793	391
2H 7794	391
2H 7803	391
2H 7805	391
2H 7806	391
2H 7810	391
2H 7812	391
2H 7813	391
2H 7817	391
2H 7819	391
2H 7821	391
2H 7822	391
2H 7827	391
2H 7831	391
2H 7833	391
2H 7839	391
2H 7844	391
2H 7847	391
2H 7852	391
2H 7853	391
2H 7854	391
2H 7855	391
2H 7856	391
2H 7857	391
2H 7860	391
2H 7862	391
2H 7867	391
2H 7868	391
2H 7871	391
2H 7872	391
2H 7873	391
2H 7876	391
2H 7879	391
2H 7880	391
2H 7886	391
2H 7889	391
2H 7942	391
2H 7944	391
2H 7945	391
2H 7953	391
2H 7955	391
2H 7960	391
2H 7961	391
2H 7962	391
2H 7963	391
2H 7965	391
2H 7966	391
2H 7968	391
2H 8001	391
2H 8006	391
2H 8020	391
2H 8022	391
2H 8023	391
2H 8024	391
2H 8030	391
2H 8033	391
2H 8034	391
2H 8035	391
2H 8041	391
2H 8042	391
2H 8043	391
2H 8045	391
2H 8049	391
2H 8053	391
2H 8062	391
2H 8070	391
2H 8072	391
2H 8078	391
2H 8084	391
2H 8092	391
2H 8093	391
2H 8100	391
2H 8118	391
2H 8119	391
2H 8129	391
2H 8130	391
2H 8149	391
2H 8171	391
2H 8174	391
2H 8205	391
2H 8209	391
2H 8226	391
2H 8269	391
2H 8272	391
2H 8273	391
2H 8297	391
2H 8298	391
2H 8304	391
2H 8308	391
2H 8309	391
2H 8312	391
2H 8313	391
2H 8319	391
2H 8320	391
2H 8321	391
2H 8322	391
2H 8326	391
2H 8328	391
2H 8333	391
2H 8337	391
2H 8340	391
2H 8341	391
2H 8342	391
2H 8343	391
2H 8344	391
2H 8353	391
2H 8354	391
2H 8392	391
2H 8394	391
2H 8410	391
2H 8413	391
2H 8416	391
2H 8417	391
2H 8418	391
2H 8420	391
2H 8423	391
2H 8424	391
2H 8425	391
2H 8430	391
2H 8433	391
2H 8435	391
2H 8436	391
2H 8437	391
2H 8439	391
2H 8440	391
2H 8446	391
2H 8447	391
2H 8450	391
2H 8460	391
2H 8477	391
2H 8478	391
2H 8480	391
2H 8482	391
2H 8483	391
2H 8484	391
2H 8486	391
2H 8491	391
2H 8498	391
2H 8499	391
2H 8500	391
2H 8507	391
2H 8508	391
2H 8519	391
2H 8520	391
2H 8521	391
2H 8523	391
2H 8526	391
2H 8527	391
2H 8528	391
2H 8536	391
2H 8537	391
2H 8538	391
2H 8557	391
2H 8561	391
2H 8563	391
2H 8564	391
2H 8565	391
2H 8567	391
2H 8569	391
2H 8570	391
2H 8580	391
2H 8581	391
2H 8583	391
2H 8599	391
2H 8621	391
2H 8623	391
2H 8624	391
2H 8627	391
2H 8629	391
2H 8634	391
2H 8638	391
2H 8649	391
2H 8657	391
2H 8660	391
2H 8661	391
2H 8667	391
2H 8670	391
2H 8675	391
2H 8678	391
2H 8679	391
2H 8680	391
2H 8686	391
2H 8694	391
2H 8695	391
2H 8697	391
2H 8699	391
2H 8746	391
2H 8747	391
2H 8748	391
2H 8751	391
2H 8757	391
2H 8760	391
2H 8762	391
2H 8783	391
2H 8784	391
2H 8846	391
2H 8849	391
2H 8875	391
2H 8889	391
2H 8902	391
2H 8908	391
2H 8910	391
2H 8911	391
2H 8932	391
2H 8935	391
2H 8936	391
2H 8937	391
2H 8940	391
2H 8942	391
2H 8945	391
2H 8956	391
2H 8971	391
2H 8973	391
2H 8979	391
2H 8981	391
2H 8995	391
2H 8997	391
2H 8998	391
2H 8999	391
2H 9000	391
2H 9034	391
2H 9035	391
2H 9040	391
2H 9051	391
2H 9053	391
2H 9054	391
2H 9058	391
2H 9060	391
2H 9074	391
2H 9097	391
2H 9100	391
2H 9106	391
2H 9107	391
2H 9139	391
2H 9143	391
2H 9159	391
2H 9163	391
2H 9167	391
2H 9168	391
2H 9174	391
2H 9184	391
2H 9185	391
2H 9186	391
2H 9221	391
2H 9222	391
2H 9224 ; nicht "Altes Rathaus" verschlagworten	391
2H 9225	391
2H 9233	391
2H 9250	391
2H 9251	391
2H 9252	391
2H 9254	391
2H 9256	391
2H 9259	391
2H 9260	391
2H 9265	391
2H 9269	391
2H 9270	391
2H 9275	391
2H 9284	391
2H 9297	391
2H 9298	391
2H 9323	391
2H 9336	391
2H 9343	391
2H 9359	391
2H 9368	391
2H 9369	391
2H 9376	391
2H 9379	391
2H 9385	391
2H 9386	391
2H 9394	391
2H 9398	391
2H 9399	391
2H 9420	391
2H 9421	391
2H 9424	391
2H 9428	391
2H 9435	391
2H 9448	391
2H 9521	391
2H 9522	391
2H 9529	391
2H 9536	391
2H 9537	391
2H 9538	391
2H 9541	391
2H 9544	391
2H 9545	391
2H 9546	391
2H 9549	391
2H 9574	391
2H 9575	391
2H 9594	391
2H 9604	391
2H 9605	391
2H 9608	391
2H 9611	391
2H 9613	391
2H 9614	391
2H 9632	391
2H 9638	391
2H 9640	391
2H 9648	391
2H 9665	391
2H 9667	391
2H 9669	391
2H 9676	391
2H 9678	391
2H 9679	391
2H 9680	391
2H 9683	391
2H 9684	391
2H 9695	391
2H 9705	391
2H 9708	391
2H 9745	391
2H 9755	391
2H 9756	391
2H 9757	391
2H 9787	391
2H 9791	391
2H 9809	391
2H 9810	391
2H 9822	391
2H 9824	391
2H 9825	391
2H 9841	391
2H 9842	391
2H 9898	391
2H 9910	391
2H 9918	391
2H 9921	391
2H 9924	391
2H 9927	391
2H 9933	391
2H 9937	391
2H 9940	391
2H 9948	391
2H 9952	391
2H 9953	391
2H 9985	391
2H 9989	391
2H 9993	391
2H 9994	391
2H 9996	391
2J 1008	391
2J 1014	391
2J 1021	391
2J 1038	391
2J 1041	391
2J 1042	391
2J 1043	391
2J 1044	391
2J 1045	391
2J 1053	391
2J 1056	391
2J 1058	391
2J 1060	391
2J 1062	391
2J 1063	391
2J 1064	391
2J 1067	391
2J 1068	391
2J 1070	391
2J 1073	391
2J 1077	391
2J 1080	391
2J 1081	391
2J 1084	391
2J 1087	391
2J 1088	391
2J 1101	391
2J 1109	391
2J 1110	391
2J 1111	391
2J 1116	391
2J 1118	391
2J 1121	391
2J 1127	391
2J 1131	391
2J 1133	391
2J 1143	391
2J 1144	391
2J 1147	391
2J 1148	391
2J 1153	391
2J 1154	391
2J 1155	391
2J 1156	391
2J 1158	391
2J 1159	391
2J 1160	391
2J 1163	391
2J 1165	391
2J 1169	391
2J 1171	391
2J 1178	391
2J 1179	391
2J 1180	391
2J 1181	391
2J 1196	391
2J 1198	391
2J 1199	391
2J 1216	391
2J 1221	391
2J 1222	391
2J 1223	391
2J 1224	391
2J 1225	391
2J 1226	391
2J 1228	391
2J 1232	391
2J 1237	391
2J 1238	391
2J 1239	391
2J 1245	391
2J 1260	391
2J 1271	391
2J 1273	391
2J 1275	391
2J 1277	391
2J 1278	391
2J 1281	391
2J 1291	391
2J 1296	391
2J 1301	391
2J 1329	391
2J 1332	391
2J 1333	391
2J 1336	391
2J 1348	391
2J 1350	391
2J 1352	391
2J 1355	391
2J 1358	391
2J 1360	391
2J 1364	391
2J 1368	391
2J 1369	391
2J 1371	391
2J 1372	391
2J 1374	391
2J 1375	391
2J 1380	391
2J 1381	391
2J 607	391
2J 704	391
2J 712	391
2J 714	391
2J 751	391
2J 752	391
2J 756	391
2J 764	391
2J 768	391
2J 773	391
2J 785	391
2J 787	391
2J 788	391
2J 790	391
2J 792	391
2J 805	391
2J 806	391
2J 810	391
2J 825	391
2J 845	391
2J 846	391
2J 853	391
2J 858	391
2J 859	391
2J 861	391
2J 866	391
2J 869	391
2J 879	391
2J 882	391
2J 884	391
2J 885	391
2J 890	391
2J 891	391
2J 892	391
2J 896	391
2J 903	391
2J 912	391
2J 913	391
2J 914	391
2J 916	391
2J 921	391
2J 931	391
2J 936	391
2J 938	391
2J 964	391
2J 967	391
2J 969	391
2J 978	391
2J 989	391
2J 990	391
2K 4449	391
2K 4739	391
2K 4896	391
2K 5178	391
2K 5216	391
2K 5250	391
2K 5301	391
2K 5305	391
2K 5307	391
2K 5311	391
2K 5331	391
2K 5344	391
2K 5360	391
2K 5361	391
2K 5381	391
2K 5394	391
2K 5411	391
2K 5417	391
2K 5423	391
2K 5425	391
2K 5429	391
2K 5450	391
2K 5466	391
2K 5468	391
2K 5513	391
2K 5514	391
2K 5521	391
2K 5522	391
2K 5524	391
2K 5525	391
2K 5566	391
2K 5613	391
2K 5619; Ansetzung der Ausstellung als Körperschaft aus Titelsatz gelöscht,da Eintragungen im Register unmittelbar aufeinander folgen	391
2K 5622	391
2K 5624	391
2K 5625	391
2K 5631	391
2K 5647	391
2K 5653	391
2K 5654	391
2K 5676	391
2K 5682	391
2K 5691	391
2K 5697	391
2K 5701	391
2K 5711	391
2K 5712	391
2K 5720	391
2K 5723	391
2K 5725	391
2K 5753	391
2K 5756	391
2K 5764	391
2K 5768	391
2K 5778	391
2K 5802	391
2K 5803	391
2K 5805	391
2K 5806	391
2K 5808	391
2K 5819	391
2K 5820	391
2K 5821	391
2K 5822	391
2K 5826	391
2K 5828	391
2K 5829	391
2K 5857	391
2K 5863	391
2K 5865	391
2K 5885	391
2K 5896	391
2K 5900	391
2K 5910	391
2K 5916	391
2K 5929	391
2K 5934	391
2K 5941	391
2K 5956	391
2K 5958	391
2K 5959	391
2K 5961	391
2K 5962	391
2K 5973	391
2K 5976	391
2K 5983	391
2K 5989	391
2K 5990	391
2K 5996	391
2K 6007	391
2K 6011	391
2K 6016	391
2K 6017	391
2K 6019	391
2K 6025	391
2K 6038	391
2K 6039	391
2K 6040	391
2K 6044	391
2K 6056	391
2K 6060	391
2K 6064	391
2K 6066	391
2K 6075	391
2K 6076	391
2K 6083	391
2K 6086	391
2K 6089	391
2K 6090	391
2K 6092	391
2K 6093	391
2K 6096	391
2K 6102	391
2K 6110	391
2K 6113	391
2K 6114	391
2K 6120	391
2K 6121	391
2K 6125	391
2K 6130	391
2K 6131	391
2K 6132	391
2K 6148	391
2K 6151	391
2K 6153	391
2K 6164	391
2K 6172	391
2K 6176	391
2K 6185	391
2K 6191	391
2K 6193	391
2K 6196	391
2K 6254	391
2K 6256	391
2K 6257	391
2K 6259	391
2K 6263	391
2K 6267	391
2K 6269	391
2K 6270	391
2K 6273	391
2K 6274	391
2K 6277	391
2K 6279	391
2K 6295	391
2K 6304	391
2K 6356	391
2K 6368	391
2K 6369	391
2K 6370	391
2K 6373	391
2K 6375	391
2K 6380	391
2K 6391	391
2K 6404	391
2K 6411	391
2K 6413	391
2K 6434	391
2K 6435	391
2K 6441	391
2K 6442	391
2K 6444	391
2K 6445	391
2K 6447	391
2K 6448	391
2K 6449	391
2K 6452	391
2K 6459	391
2K 6461	391
2K 6463	391
2K 6466	391
2K 6470	391
2K 6471	391
2K 6477	391
2K 6483	391
2K 6491	391
2K 6501	391
2K 6502	391
2K 6509	391
2K 6511	391
2K 6513	391
2K 6532	391
2K 6539	391
2K 6546	391
2K 6547	391
2K 6550	391
2K 6551	391
2K 6555	391
2K 6556	391
2K 6561	391
2K 6562	391
2K 6564	391
2K 6571	391
2K 6572	391
2K 6584	391
2K 6589	391
2K 6593	391
2K 6594	391
2K 6598	391
2K 6617	391
2K 6624	391
2K 6627	391
2K 6645	391
2K 6654	391
2K 6677	391
2K 6679	391
2K 6681	391
2K 6688	391
2K 6694	391
2K 6731	391
2K 6734	391
2K 6740	391
2K 6741	391
2K 6744	391
2K 6745	391
2K 6747	391
2K 6754	391
2K 6761	391
2K 6765	391
2K 6812	391
2K 6829	391
2K 6842	391
2K 6848	391
2K 6849	391
2K 6850	391
2K 6854	391
2K 6855	391
2K 6856	391
2K 6859	391
2K 6863	391
2K 6865	391
2K 6868	391
2K 6869	391
2K 6870	391
2K 6872	391
2K 6874	391
2K 6875	391
2K 6878	391
2K 6879	391
2K 6882	391
2K 6884	391
2K 6885	391
2K 6889	391
2K 6891	391
2K 6899	391
2K 6903	391
2K 6904	391
2K 6906	391
2K 6913	391
2K 6919	391
2K 6928	391
2K 6932	391
2K 6939	391
2K 6947	391
2K 6952	391
2K 6964	391
2K 6981	391
2K 6990	391
2K 6996	391
2K 6998	391
2K 6999	391
2K 7000	391
2K 7003	391
2K 7005	391
2K 7017	391
2K 7018	391
2K 7020	391
2K 7021	391
2K 7023	391
2K 7026	391
2K 7032	391
2K 7038	391
2K 7039	391
2K 7041	391
2K 7042	391
2K 7045	391
2K 7046	391
2K 7047	391
2K 7088	391
2K 7098	391
2K 7104	391
2K 7110	391
2K 7111	391
2K 7116	391
2K 7123	391
2K 7124	391
2K 7128	391
2K 7135	391
2K 7140	391
2K 7141	391
2K 7142	391
2K 7144	391
2K 7146	391
2K 7147	391
2K 7150	391
2K 7172	391
2K 7174	391
2K 7175	391
2K 7176	391
2K 7177	391
2K 7179	391
2K 7181	391
2K 7188	391
2K 7189	391
2K 7190	391
2K 7194	391
2K 7197	391
2K 7200	391
2K 7201	391
2K 7202	391
2K 7203	391
2K 7218	391
2K 7222	391
2K 7226	391
2K 7227	391
2K 7230	391
2K 7242	391
2K 7245	391
2K 7249	391
2K 7270	391
2K 7272	391
2K 7286	391
2K 7287	391
2K 7289	391
2K 7291	391
2K 7292	391
2K 7293	391
2K 7294	391
2K 7298	391
2K 7301	391
2K 7304	391
2K 7316	391
2K 7318	391
2K 7320	391
2K 7331	391
2K 7335	391
2K 7340	391
2K 7345	391
2K 7346	391
2K 7349	391
2K 7350	391
2K 7358	391
2K 7359	391
2K 7364	391
2K 7365	391
2K 7371	391
2K 7372	391
2K 7378	391
2K 7380	391
2K 7384	391
2K 7385	391
2K 7387	391
2K 7389	391
2K 7395	391
2K 7396	391
2K 7397	391
2K 7398	391
2K 7399	391
2K 7402	391
2K 7403	391
2K 7404	391
2K 7406	391
2K 7421	391
2K 7423	391
2K 7431	391
2K 7437	391
2K 7451	391
2K 7452	391
2K 7453	391
2K 7457	391
2K 7461	391
2K 7463	391
2K 7464	391
2K 7466	391
2K 7475	391
2K 7478	391
2K 7483	391
2K 7484	391
2K 7486	391
2K 7496	391
2K 7497	391
2K 7498	391
2K 7500	391
2K 7527	391
2K 7528	391
2K 7529	391
2K 7530	391
2K 7533	391
2K 7534	391
2K 7535	391
2K 7537	391
2K 7541	391
2K 7542	391
2K 7543	391
2K 7544	391
2K 7545	391
2K 7547	391
2K 7549	391
2K 7550	391
2K 7571	391
2K 7572	391
2K 7573	391
2K 7574	391
2K 7581	391
2K 7582	391
2K 7587	391
2K 7588	391
2K 7596	391
2K 7597	391
2K 7598	391
2K 7599	391
2K 7600	391
2K 7604	391
2K 7606	391
2K 7611	391
2K 7623	391
2K 7624	391
2K 7625	391
2K 7627	391
2K 7629	391
2K 7632	391
2K 7636	391
2K 7639	391
2K 7640	391
2K 7645	391
2K 7648	391
2K 7650	391
2K 7654	391
2K 7663	391
2K 7693	391
2K 7701	391
2K 7703	391
2K 7709	391
2K 7712	391
2K 7714	391
2K 7716	391
2K 7718	391
2K 7719	391
2K 7721	391
2K 7722	391
2K 7723	391
2K 7725	391
2K 7729	391
2K 7730	391
2K 7732	391
2K 7733	391
2K 7734	391
2K 7742	391
2K 7743	391
2K 7749	391
2K 7756	391
2K 7757	391
2K 7758	391
2K 7766	391
2K 7767	391
2K 7776	391
2K 7778	391
2K 7779	391
2K 7784	391
2K 7785	391
2K 7786	391
2K 7787	391
2K 7788	391
2K 7791	391
2K 7794	391
2K 7795	391
2K 7796	391
2K 7798	391
2K 7799	391
2K 7816	391
2K 7827	391
2K 7834	391
2K 7838	391
2K 7841	391
2K 7842	391
2K 7843	391
2K 7856	391
2K 7857	391
2K 7863	391
2K 7864	391
2K 7871	391
2K 7875	391
2K 7882	391
2K 7886	391
2K 7895	391
2K 7896	391
2K 7897	391
2K 8068	391
2K 8069	391
2K 8075	391
2K 8141	391
2K 8143	391
2K 8145	391
2K 8148	391
2K 8149	391
2K 8153	391
2K 8154	391
2K 8164	391
2K 8168	391
2K 8173	391
2K 8175	391
2K 8182	391
2K 8183	391
2K 8185	391
2K 8186	391
2K 8187	391
2K 8188	391
2K 8194	391
2K 8208	391
2K 8221	391
2K 8222	391
2K 8227	391
2K 8228	391
2K 8229	391
2K 8231	391
2K 8232	391
2K 8233	391
2K 8239	391
2K 8240	391
2K 8241	391
2K 8244	391
2K 8245	391
2K 8247	391
2K 8251	391
2K 8263	391
2K 8281	391
2K 8289	391
2K 8291	391
2K 8295	391
2K 8299	391
2K 8301	391
2K 8302	391
2K 8309	391
2K 8310	391
2K 8314	391
2K 8345	391
2K 8350	391
2K 8353	391
2K 8354	391
2K 8368	391
2K 8370	391
2K 8373	391
2K 8374	391
2K 8375	391
2K 8379	391
2K 8380	391
2K 8388	391
2K 8392	391
2K 8396	391
2K 8399	391
2K 8400	391
2K 8402	391
2K 8403	391
2K 8404	391
2K 8405	391
2K 8407	391
2K 8411	391
2K 8427	391
2K 8432	391
2K 8433	391
2K 8441	391
2K 8442	391
2K 8445	391
2K 8463	391
2K 8467	391
2K 8471	391
2K 8477	391
2K 8483	391
2K 8484	391
2K 8487	391
2K 8517	391
3A 405	391
3C 21310	391
3C 21312	391
3C 21323	391
3C 21388	391
3C 21511	391
3C 21571	391
3C 21651	391
3C 21705	391
3C 21717	391
3C 21905	391
3C 21962	391
3C 21995	391
3C 22178	391
3C 22326	391
3C 22334	391
3C 22345	391
3C 22383	391
3C 22449	391
3C 22616 ; THS nur in der Gesamtaufnahme in 615 aufgelöst, um Platz zu sparen	391
3C 22652	391
3C 22681	391
3C 22706	391
3C 22744	391
3C 22808	391
3C 22820	391
3C 22823	391
3C 22825	391
3C 22840	391
3C 22841	391
3C 22847	391
3C 22850	391
3C 23007	391
3C 23087	391
3C 23150	391
3C 23272	391
3C 23275	391
3C 23317	391
3C 23353	391
3C 23359; im Dienstgebrauch	391
3C 23403	391
3C 23459	391
3C 23561	391
3C 23569	391
3C 23657	391
3C 23674	391
3C 23702	391
3C 23707	391
3C 23750	391
3C 23764	391
3C 23783	391
3C 23828	391
3C 23875	391
3C 23881	391
3C 23927	391
3C 23931	391
3C 23943	391
3C 23959	391
3C 23960	391
3C 23975	391
3C 23982	391
3C 24043	391
3C 24062	391
3C 24072	391
3C 24084	391
3C 24088	391
3C 24216	391
3C 24231	391
3C 24251	391
3C 24254	391
3C 24265	391
3C 24269	391
3C 24270	391
3C 24272	391
3C 24317	391
3C 24328	391
3C 24349	391
3C 24418	391
3C 24428	391
3C 24491	391
3C 24612	391
3C 24641	391
3C 24643	391
3C 24644	391
3C 24645	391
3C 24649	391
3C 24651	391
3C 24686	391
3C 24750	391
3C 24755	391
3C 24758 ; 2C 5624	391
3C 24763; 2C 5632	391
3C 24765	391
3C 24766	391
3C 24768	391
3C 24804	391
3C 24822	391
3C 24849	391
3C 24855	391
3C 24957	391
3C 24967	391
3C 25002	391
3C 25024	391
3C 25028	391
3C 25051	391
3C 25127	391
3C 25130	391
3C 25138	391
3C 25141; 2C 5849	391
3C 25144	391
3C 25150	391
3C 25179	391
3C 25209	391
3C 25224	391
3C 25309	391
3C 25395	391
3C 25452	391
3C 25466	391
3C 25477	391
3C 25487	391
3C 25499 ; 2C 6324	391
3C 25519	391
3C 25520	391
3C 25542	391
3C 25704	391
3C 25714; Kat. 431 anstelle von 310 aus MAB-Datei hinzugefügt, da sonst nicht übernehmbar	391
3C 25724	391
3C 25726	391
3C 25780	391
3C 25874; Eilt-Fall, Einzelbeiträge werden noch ausgewertet	391
3C 25907	391
3C 25934	391
3C 26098	391
3C 26221	391
3F 10061	391
3F 10068	391
3F 10074	391
3F 10075	391
3F 10089	391
3F 10364	391
3F 10368	391
3F 10477	391
3F 10506	391
3F 10730	391
3F 10911	391
3F 11076	391
3F 11224	391
3F 11606	391
3F 11697	391
3F 11707	391
3F 11767	391
3F 11937	391
3F 11959	391
3F 12079	391
3F 12444	391
3F 12519	391
3F 12555	391
3F 12783	391
3F 12819	391
3F 12857	391
3F 13087	391
3F 13332	391
3F 13368	391
3F 13371	391
3F 13394	391
3F 13605	391
3F 13607	391
3F 13623	391
3F 13628	391
3F 13677	391
3F 13678	391
3F 13684	391
3F 14006	391
3F 14012 ; 2D 4785	391
3F 14160	391
3F 14402	391
3F 14437	391
3F 14438	391
3F 14473	391
3F 14536	391
3F 14563 ; 2D 4812	391
3F 14574	391
3F 14777	391
3F 14854	391
3F 15005	391
3F 15075	391
3F 15106	391
3F 15110	391
3F 15124	391
3F 15137	391
3F 15150	391
3F 15157	391
3F 15392	391
3F 15587	391
3F 15632	391
3F 15672	391
3F 15709	391
3F 15715	391
3F 15760	391
3F 15814	391
3F 15815	391
3F 15837	391
3F 15906	391
3F 15925	391
3F 16114	391
3F 16151	391
3F 16206	391
3F 16212	391
3F 16265	391
3F 16351	391
3F 16354	391
3F 16367	391
3F 16388	391
3F 16521	391
3F 16640	391
3F 16846	391
3F 16928	391
3F 17051	391
3F 17077	391
3F 17083	391
3F 17140	391
3F 17259	391
3F 1735	391
3F 18019	391
3F 18029	391
3F 18452	391
3F 18470	391
3F 18568	391
3F 18599	391
3F 19123	391
3F 19151	391
3F 19242	391
3F 19259	391
3F 19398	391
3F 19577	391
3F 19641	391
3F 19682	391
3F 19829	391
3F 19853	391
3F 19878	391
3F 19879	391
3F 19927	391
3F 19935	391
3F 19936	391
3F 19939	391
3F 19952	391
3F 19953	391
3F 19974	391
3F 20150	391
3F 20158	391
3F 20317	391
3F 20322	391
3F 20333	391
3F 20414	391
3F 20420	391
3F 20544	391
3F 20570	391
3F 20665	391
3F 20726	391
3F 20730	391
3F 20735	391
3F 20810	391
3F 20821	391
3F 20909	391
3F 20952	391
3F 21153	391
3F 21313	391
3F 21319	391
3F 21476	391
3F 21478	391
3F 21485	391
3F 21634; nicht Systemstelle "Künstler"!	391
3F 21655	391
3F 21668	391
3F 21684	391
3F 21829	391
3F 21883	391
3F 21884	391
3F 21983	391
3F 22025	391
3F 22054	391
3F 22076	391
3F 22088	391
3F 22095	391
3F 22096	391
3F 22104	391
3F 22150	391
3F 22164	391
3F 22166	391
3F 22283	391
3F 22308	391
3F 22361	391
3F 22407	391
3F 22484	391
3F 22486	391
3F 22599	391
3F 22689	391
3F 22769	391
3F 22782	391
3F 22783	391
3F 22822	391
3F 22852	391
3F 22853	391
3F 22854	391
3F 22868	391
3F 22898	391
3F 22913	391
3F 22956	391
3F 22995	391
3F 23062	391
3F 23176	391
3F 23196	391
3F 23266	391
3F 23287	391
3F 23292	391
3F 23293	391
3F 23298	391
3F 23337	391
3F 23346	391
3F 23571	391
3F 23654	391
3F 23664	391
3F 23704	391
3F 23725	391
3F 23726	391
3F 23820	391
3F 23895	391
3F 23913	391
3F 23938	391
3F 23950	391
3F 24004	391
3F 24033	391
3F 24057	391
3F 24072	391
3F 24089	391
3F 24090	391
3F 24097	391
3F 24146	391
3F 24167	391
3F 24192	391
3F 24331	391
3F 24341	391
3F 24623	391
3F 24759	391
3F 24844	391
3F 24850	391
3F 24872	391
3F 24929	391
3F 25125	391
3F 25168	391
3F 25224	391
3F 25235	391
3F 25460	391
3F 25461	391
3F 25487	391
3F 25488 ; CC 8095	391
3F 25507	391
3F 25527; 2E 16944	391
3F 25749	391
3F 25889	391
3F 25906	391
3F 25985	391
3F 26000	391
3F 26181	391
3F 26193	391
3F 26205	391
3F 26211	391
3F 26214	391
3F 26217	391
3F 26243	391
3F 26471	391
3F 26485	391
3F 26561	391
3F 26664	391
3F 26682	391
3F 26684	391
3F 26691	391
3F 26718	391
3F 26750	391
3F 26813	391
3F 26861	391
3F 26862	391
3F 26872	391
3F 26873	391
3F 26877	391
3F 26879	391
3F 26889	391
3F 27013	391
3F 27356 ; H ALL 0.86 BON 20	391
3F 27414	391
3F 27461	391
3F 27524	391
3F 27595	391
3F 27598	391
3F 27751	391
3F 27892	391
3F 27904	391
3F 27963	391
3F 28005; 2E 17691	391
3F 28010; 2E 17831	391
3F 28067	391
3F 28118	391
3F 28326	391
3F 28327	391
3F 28332 ; CC 8238	391
3F 28419	391
3F 28448	391
3F 28557	391
3F 28748	391
3F 28766	391
3F 28776	391
3F 28793	391
3F 28970	391
3F 28981	391
3F 29091	391
3F 29187	391
3F 29271	391
3F 29486	391
3F 29514	391
3F 29733	391
3F 29886	391
3F 30183	391
3F 30267	391
3F 30290	391
3F 30304	391
3F 30420	391
3F 30436	391
3F 30470	391
3F 30483	391
3F 30493; 2E 18559	391
3F 30558	391
3F 30658	391
3F 30914	391
3F 30939	391
3F 30989	391
3F 31002	391
3F 31073	391
3F 31078	391
3F 31094	391
3F 3112	391
3F 31128	391
3F 31242	391
3F 31302; 2E 18539; CC 8392	391
3F 3185	391
3F 31862	391
3F 3189	391
3F 32073	391
3F 32074	391
3F 32197	391
3F 32379	391
3F 32434	391
3F 3253	391
3F 32831	391
3F 33206	391
3F 33295	391
3F 33360	391
3F 33361	391
3F 33434	391
3F 33473	391
3F 33552	391
3F 33592	391
3F 33820	391
3F 3425	391
3F 34261	391
3F 3553	391
3F 3814	391
3F 3830	391
3F 4003	391
3F 4449	391
3F 44585	391
3F 4596	391
3F 4729	391
3F 4903	391
3F 4975; 2D 4654	391
3F 5019	391
3F 5094	391
3F 5204	391
3F 5258	391
3F 5314	391
3F 5316	391
3F 5352	391
3F 5446	391
3F 5447	391
3F 5756	391
3F 5806	391
3F 5956	391
3F 5958	391
3F 5967	391
3F 5971	391
3F 5972	391
3F 6130	391
3F 6158	391
3F 62097	391
3F 6421 ; CC 6858	391
3F 6428	391
3F 6634	391
3F 6687	391
3F 6690	391
3F 6891	391
3F 7328	391
3F 7339	391
3F 7366	391
3F 7404	391
3F 7671	391
3F 7710	391
3F 7712	391
3F 7713	391
3F 7953	391
3F 8008	391
3F 8066	391
3F 8097	391
3F 8229	391
3F 8355	391
3F 8620	391
3F 8629	391
3F 8722	391
3F 8736	391
3F 8753	391
3F 8754	391
3F 8855	391
3F 9141	391
3F 9352	391
3F 9353	391
3F 9354	391
3F 9363	391
3F 9450	391
3F 9472	391
3F 9561	391
3F 9590	391
3F 9591	391
3F 9602	391
3F 9624	391
3F 9679	391
3F 9771	391
3F 9858	391
3F 9867	391
3F 9966	391
3F 9967	391
3F 9969	391
3H 10130	391
3H 10328	391
3H 21019	391
3H 21029	391
3H 21043	391
3H 21113 ; CC 6745	391
3H 21208	391
3H 21414	391
3H 21479	391
3H 21522	391
3H 21751	391
3H 21788	391
3H 21863	391
3H 21940	391
3H 22322	391
3H 22691	391
3H 22698	391
3H 22932	391
3H 22994	391
3H 23201	391
3H 23204	391
3H 23523	391
3H 23612	391
3H 23649	391
3H 23666	391
3H 23673	391
3H 23679	391
3H 24533	391
3H 24706	391
3H 24979	391
3H 25392	391
3H 25610	391
3H 25795	391
3H 25851	391
3H 26252	391
3H 26571	391
3H 26617	391
3H 26731	391
3H 26782	391
3H 26786	391
3H 26790	391
3H 26796	391
3H 26884	391
3H 27208	391
3H 27309	391
3H 27321	391
3H 27360	391
3H 27604	391
3H 27607	391
3H 27618	391
3H 27639	391
3H 28055	391
3H 28500	391
3H 28515	391
3H 28606	391
3H 28639	391
3H 28851	391
3H 28869	391
3H 28997	391
3H 29017	391
3H 29269	391
3H 29270	391
3H 29325	391
3H 29351	391
3H 29528	391
3H 29635	391
3H 29649	391
3H 29655	391
3H 29658	391
3H 29659	391
3H 29661	391
3H 29667	391
3H 29914	391
3H 30136	391
3H 30142	391
3H 30144	391
3H 30147	391
3H 30253	391
3H 30297	391
3H 30305	391
3H 30323	391
3H 30332	391
3H 30410	391
3H 30532	391
3H 30766	391
3H 30876	391
3H 30880	391
3H 30885	391
3H 30895	391
3H 31060	391
3H 31295	391
3H 31298	391
3H 31944	391
3H 31960; LPAE 9.7 MUS 30	391
3H 31965	391
3H 32075	391
3H 32454	391
3H 32474	391
3H 32477	391
3H 32488	391
3H 32489	391
3H 32495	391
3H 32757	391
3H 33316	391
3H 33470	391
3H 33477	391
3H 33478	391
3H 33743	391
3H 33817	391
3H 34203	391
3H 34215	391
3H 34505	391
3H 34542	391
3H 34551	391
3H 34554	391
3H 34574	391
3H 35271	391
3H 35435	391
3H 35666	391
3H 35667	391
3H 35806	391
3H 35825	391
3H 35915	391
3H 36363	391
3H 36405	391
3H 36563 ; 2D 4868	391
3H 36588	391
3H 36722	391
3H 36740	391
3H 36784	391
3H 36833	391
3H 36932	391
3H 36942	391
3H 36951	391
3H 36953	391
3H 36979; 2D 4748	391
3H 36980	391
3H 36991	391
3H 37052	391
3H 37476	391
3H 37595	391
3H 37872	391
3H 38370	391
3H 38410	391
3H 38415	391
3H 38417	391
3H 38686	391
3H 38742	391
3H 39215	391
3H 39237	391
3H 39239	391
3H 39249	391
3H 39277; 3H 8755	391
3H 39464	391
3H 39565	391
3H 39626	391
3H 39900	391
3H 40098	391
3H 40352	391
3H 40407	391
3H 40497	391
3H 40983	391
3H 41096	391
3H 41099	391
3H 41256	391
3H 41474	391
3H 41630	391
3H 41633	391
3H 41925	391
3H 41994	391
3H 42077	391
3H 42088	391
3H 42093	391
3H 42114	391
3H 42122	391
3H 42352	391
3H 42356	391
3H 42366	391
3H 42455	391
3H 42493	391
3H 42596	391
3H 42750	391
3H 42856	391
3H 43278	391
3H 43310	391
3H 43394	391
3H 43551	391
3H 43556	391
3H 43557	391
3H 43564	391
3H 43570	391
3H 43696	391
3H 44141	391
3H 44309	391
3H 44402	391
3H 44461	391
3H 44463	391
3H 44465	391
3H 44472	391
3H 44477	391
3H 44661	391
3H 44671	391
3H 44947	391
3H 44963	391
3H 44977	391
3H 45212	391
3H 45221	391
3H 45222	391
3H 45254	391
3H 45274	391
3H 45514	391
3H 45523	391
3H 45527	391
3H 45621	391
3H 45678	391
3H 45696	391
3H 45824	391
3H 45901	391
3H 45909	391
3H 46039	391
3H 46177	391
3H 46461	391
3H 46505	391
3H 46509	391
3H 46517	391
3H 46520	391
3H 46538	391
3H 46542	391
3H 46686	391
3H 46893	391
3H 47140	391
3H 47238	391
3H 47239	391
3H 47603	391
3H 47636	391
3H 47649	391
3H 47985	391
3H 47986	391
3H 48066	391
3H 48135	391
3H 48170	391
3H 48207	391
3H 48222	391
3H 48236	391
3H 48666	391
3H 48677	391
3H 48699	391
3H 48897	391
3H 48951	391
3H 49237	391
3H 49279	391
3H 49301	391
3H 49411	391
3H 49465	391
3H 49493	391
3H 49496	391
3H 49711	391
3H 49886	391
3H 49926	391
3H 50063	391
3H 50068	391
3H 50170	391
3H 50173	391
3H 50305	391
3H 50534	391
3H 50621	391
3H 50711	391
3H 50733	391
3H 50746	391
3H 50894	391
3H 50920	391
3H 50931	391
3H 50951	391
3H 51311	391
3H 51653	391
3H 51766	391
3H 51769	391
3H 51779	391
3H 51782	391
3H 51791	391
3H 52043	391
3H 52108	391
3H 52137	391
3H 52144	391
3H 52553	391
3H 52601	391
3H 52643	391
3H 52809	391
3H 52836	391
3H 52838	391
3H 52847	391
3H 52973	391
3H 53011	391
3H 53107	391
3H 53501	391
3H 53701	391
3H 53719	391
3H 53723	391
3H 53758	391
3H 54204	391
3H 54249	391
3H 54321	391
3H 54501	391
3H 54642	391
3H 55047	391
3H 55087	391
3H 55127	391
3H 55160	391
3H 55193	391
3H 56155	391
3H 56397	391
3H 6068	391
3H 6205	391
3H 6675	391
3H 6770	391
3H 6909	391
3H 7111	391
3H 7220 ; 3H 29256 ; CC 7268	391
3H 7572	391
3H 8022	391
3H 8326	391
3H 8439	391
3H 9811 ; 3F 25847	391
3h 30135; 2D 4551	391
58 2179	391
58 5878	391
58 5879	391
58 5880	391
58 5886	391
58 5893	391
58 5895-2	391
58 5908	391
58 5983	391
58 5985	391
58 5986	391
58 5989	391
58 5991	391
58 6059	391
58 6060	391
58 6061	391
58 6065	391
58 6068	391
58 6079	391
58 6126	391
58 6143	391
58 6144	391
58 6145	391
58 6167	391
58 6168	391
58 6170	391
58 6171	391
58 6176	391
58 6182	391
58 6184	391
58 6187	391
58 6190	391
58 6204	391
AA 10015	391
AA 10025	391
AA 10816	391
AA 10827	391
AA 10828	391
AA 10867	391
AA 10868	391
AA 10891	391
AA 10893	391
AA 10894	391
AA 10895	391
AA 10896	391
AA 10897	391
AA 10898	391
AA 10899	391
AA 10900	391
AA 10911	391
AA 10912	391
AA 10913	391
AA 10914	391
AA 10922	391
AA 10961	391
AA 10965	391
AA 10983	391
AA 11238	391
AA 11241	391
AA 11255	391
AA 11281	391
AA 11373	391
AA 11419	391
AA 11464	391
AA 11477	391
AA 11478	391
AA 11497	391
AA 11602	391
AA 11631	391
AA 11632	391
AA 11636	391
AA 11639	391
AA 11680	391
AA 11694	391
AA 11742	391
AA 11770	391
AA 11812	391
AA 11823	391
AA 11824	391
AA 11825	391
AA 11831	391
AA 11832	391
AA 11867	391
AA 11884	391
AA 11891	391
AA 11896	391
AA 11913	391
AA 11940	391
AA 11942	391
AA 12049	391
AA 12112	391
AA 12114	391
AA 12123	391
AA 12124	391
AA 12143	391
AA 12199	391
AA 12249	391
AA 12272	391
AA 12378 ; 2H 10256	391
AA 12379 ; 2H 10257	391
AA 12424	391
AA 12433	391
AA 12444	391
AA 5769	391
AC 73371	391
AC 73400	391
AC 73417	391
AC 73425	391
AC 73426	391
AC 73715	391
AC 73891	391
AC 73977	391
AC 74237	391
AC 74303	391
AC 74306	391
AC 74361	391
AC 74424	391
AC 74458	391
AC 74645	391
AC 74698	391
AC 74707	391
AC 74802	391
AC 74852	391
AC 74885	391
AC 74988	391
AC 75047	391
AC 75221	391
AC 75222	391
AC 75223	391
AC 75269	391
AC 75321	391
AC 75328	391
AC 75409	391
AC 75464	391
AC 75617	391
AC 75619	391
AC 75625	391
AC 75643	391
AC 75773	391
AC 75789	391
AC 75841	391
AC 75850	391
AC 75856	391
AC 75860	391
AC 75927	391
AC 75955	391
AC 75959	391
AC 76027	391
AC 76175	391
AC 76197	391
AC 76216	391
AC 76217	391
AC 76224	391
AC 76255	391
AC 76307	391
AC 76321	391
AC 76333	391
AC 76408	391
AC 76409	391
AC 76533	391
AC 76538	391
AC 76565	391
AC 76567	391
AC 76568	391
AC 76572	391
AC 76583	391
AC 76625	391
AC 76704	391
AC 76724	391
AC 76740	391
AC 76767	391
AC 76812	391
Aus d. DB, Inh.: NGZ 26.11.93	391
Aus d. Verbund kopiert ; ZB Soz MS 6470/462	391
Aus d. Verbund kopiert. - Bd. 1 s. TA 2851	391
Aus d. Verbund kopiert; 2H 9341	391
Autops., danach Pflst. Bonn. - Bd. 1 des Gesamtt. vgl. NWB 9 (1991), Nr. 10067	391
BNB 1993	391
BNU 4' 98/493	391
BNU 98/9844	391
CB 14578	391
CB 14922	391
CB 15129	391
CB 15137	391
CB 15230	391
CB 15357	391
CB 15360	391
CB 15436	391
CB 15458	391
CB 15495	391
CB 15562a1,2	391
CB 15571	391
CB 15585	391
CB 15605	391
CB 15639	391
CB 15788	391
CB 15789	391
CB 15817	391
CB 15846	391
CB 15870	391
CB 15882	391
CB 15894	391
CB 16128/a	391
CB 16131	391
CB 16215	391
CB 16236	391
CB 16432/a	391
CB 16462	391
CB 16501/a; ZB MED	391
CB 16643	391
CB 17172	391
CB 17188	391
CB 17487	391
CB 17565	391
CB 17651	391
CB 17671	391
CB 17838-1.2	391
CB 17848	391
CB 17981	391
CB 18043	391
CB 18129(a)	391
CB 18135	391
CB 18335/a	391
CB 18442	391
CB 18470	391
CB 18478	391
CB 18494/a	391
CB 18604; CB 18604a	391
CB 18618	391
CB 20166	391
CB 20605	391
CC 6799	391
CC 6828	391
CC 6880	391
CC 6916	391
CC 6944	391
CC 6947	391
CC 6953	391
CC 7126	391
CC 7132	391
CC 7352	391
CC 7360	391
CC 7411	391
CC 7423	391
CC 7442	391
CC 7444a	391
CC 7506	391
CC 7587	391
CC 7687/a	391
CC 7694	391
CC 7772 ; 3 H 39285	391
CC 7792	391
CC 7802	391
CC 7890	391
CC 7913	391
CC 8052; CC 8052a	391
CC 817-1.2	391
CC 8175	391
CC 8185	391
CC 8234	391
CC 8329	391
CC 8429 ; 3F 32974	391
DB 20033	391
DB 20041	391
DB 20120	391
DB 20272	391
DB 20366	391
DB 20864	391
DBB 1993,36,376	391
DBB 93, 30, 0033	391
DG 26344	391
DG 26598	391
DG 26878	391
DG 28354	391
DG 28403-1.2	391
DG 28809	391
DG 29943	391
DN 93,B 17, 0822	391
Haus d. Niederlande/SSG: HIS 39.3.2.1997	391
Haus d. Niederlande/SSG: POL 6.2.3.2 96/2	391
Haus d. Niederlande: NIE 37.2.6.0.4	391
JUR 767	391
Jahresbericht, XA 574	391
K LIT 8.35 HOM 21	391
LB 341	391
LC 178	391
LC 208	391
LC 209	391
LC 226	391
LC 231	391
LC 232	391
LC 240	391
LC 285	391
LC 286	391
LC 287	391
LC 295	391
LC 332-4	391
LC 353	391
LC 389	391
LC 432	391
LD 555	391
LD 701	391
LD 781 ; LWES 3.5 BOT 10	391
LD 796	391
LD 844	391
LD 978	391
LS Loseblattslg. Jur 4.28 Gla 10 // LB 138	391
Literaturhinweis MEKGR 42 (1993)	391
Literaturhinweis in MEKGR 42 (1993)	391
MC 100-1,2	391
MC 115, AV-RAum	391
MD 40	391
MD 68	391
ME 10	391
ME 14	391
ME 15	391
ME 18	391
ME 32	391
ME 33	391
ME 36	391
ME 38	391
ME 39	391
ME 9	391
MG 15040/255	391
MG 23920/24	391
MG 23990/21	391
MS 2150/298	391
MS 2430/333	391
MS 2700/232 - ZB SOZ	391
MS 4710/158	391
MS 5200 / 430 ZBSOZ	391
MS 5350/307 ZBSOZ	391
MS 6440/133 - ZB SOWI	391
MS 6470/448	391
MS 6500/159; ZB SOZ	391
MS 7700/183 - Zweigbibl. Sowi	391
Mikrofiche-Ausg.: ULB MS:YB 603	391
Mü; AC 68613	391
NC 831	391
ND 10245	391
ND 4660, HIS 39.3.2	391
ND 8910; Haus d. Niederlande: HIS 39.3.0 98/1	391
Nicht best., Aufnahme nach WV 93A13,0048	391
Nicht best., Aufnahme nach WV 93A32,0079	391
RA 2-2,1	391
RB 48-1,2	391
RD 2140	391
RD 2205	391
RD 2394	391
SM2, ZE 2650	391
Sign. NC 666	391
Sign.: 2C 2761	391
Sign.: 2C 2877	391
Sign.: 2C 2944	391
Sign.: 2C 2945	391
Sign.: 2C 2961	391
Sign.: 2C 2989	391
Sign.: 2C 2997	391
Sign.: 2C 3007	391
Sign.: 2C 3035	391
Sign.: 2C 3050	391
Sign.: 2C 3051	391
Sign.: 2C 3052	391
Sign.: 2C 3053	391
Sign.: 2C 3064	391
Sign.: 2C 3083	391
Sign.: 2C 3101	391
Sign.: 2C 3116	391
Sign.: 2C 3121	391
Sign.: 2C 3131	391
Sign.: 2C 3204	391
Sign.: 2C 3212	391
Sign.: 2C 3214	391
Sign.: 2C 3219	391
Sign.: 2C 3399	391
Sign.: 2D 3303	391
Sign.: 2D 3495	391
Sign.: 2D 3583	391
Sign.: 2D 3586	391
Sign.: 2D 3657	391
Sign.: 2D 3725	391
Sign.: 2D 3765	391
Sign.: 2D 3772	391
Sign.: 2D 3789	391
Sign.: 2D 3794	391
Sign.: 2D 3798	391
Sign.: 2D 3818	391
Sign.: 2D 3819	391
Sign.: 2D 3823	391
Sign.: 2D 3829	391
Sign.: 2D 3831	391
Sign.: 2D 3833	391
Sign.: 2D 3837	391
Sign.: 2D 3847	391
Sign.: 2D 3884	391
Sign.: 2E 11726	391
Sign.: 2E 11727	391
Sign.: 2E 11972	391
Sign.: 2E 12630	391
Sign.: 2E 12636	391
Sign.: 2E 12651	391
Sign.: 2E 12700	391
Sign.: 2E 12708	391
Sign.: 2E 12716	391
Sign.: 2E 12719	391
Sign.: 2E 12723	391
Sign.: 2E 12724	391
Sign.: 2E 12879	391
Sign.: 2E 12893	391
Sign.: 2E 12898	391
Sign.: 2E 12903	391
Sign.: 2E 12937	391
Sign.: 2E 12950	391
Sign.: 2E 12951	391
Sign.: 2E 13101	391
Sign.: 2E 13125	391
Sign.: 2H 2766	391
Sign.: 2H 2770	391
Sign.: 2H 2872	391
Sign.: 2H 3304	391
Sign.: 2H 3336	391
Sign.: 2H 3337	391
Sign.: 2H 3390	391
Sign.: 2H 3441	391
Sign.: 2H 3442	391
Sign.: 2H 3472	391
Sign.: 2H 3477	391
Sign.: 2H 3478	391
Sign.: 2H 3480	391
Sign.: 2H 3486	391
Sign.: 2H 3499	391
Sign.: 2H 3501	391
Sign.: 2H 3502	391
Sign.: 2H 3508	391
Sign.: 2H 3509	391
Sign.: 2H 3573	391
Sign.: 2H 3574	391
Sign.: 2H 3589	391
Sign.: 2H 3620	391
Sign.: 2H 3621	391
Sign.: 2H 3655	391
Sign.: 2H 3674	391
Sign.: 2H 3681	391
Sign.: 2H 3682	391
Sign.: 2H 3685	391
Sign.: 2H 3686	391
Sign.: 2H 3698	391
Sign.: 2H 3722	391
Sign.: 2H 3723	391
Sign.: 2H 3790	391
Sign.: 2H 3814	391
Sign.: 2H 4055	391
Sign.: 2J 685	391
Sign.: 2J 686	391
Sign.: 2J 688	391
Sign.: 2J 691	391
Sign.: 2J 694	391
Sign.: 2J 700	391
Sign.: 2J 720	391
Sign.: 2J 730	391
Sign.: 2J 765	391
Sign.: 2J 801	391
Sign.: 2J 802	391
Sign.: 2K 3945	391
Sign.: 2K 4531	391
Sign.: 2K 4624	391
Sign.: 2K 4738	391
Sign.: 2K 4746	391
Sign.: 2K 4748	391
Sign.: 2K 4749	391
Sign.: 2K 4750	391
Sign.: 2K 4821	391
Sign.: 2K 4831	391
Sign.: 2K 4868	391
Sign.: 2K 4905	391
Sign.: 2K 4957	391
Sign.: 2K 4960	391
Sign.: 2K 4964	391
Sign.: 2K 4968	391
Sign.: 2K 4969	391
Sign.: 2K 4977	391
Sign.: 2K 4978	391
Sign.: 2K 4980	391
Sign.: 2K 4983	391
Sign.: 2K 4988	391
Sign.: 2K 4990	391
Sign.: 2K 5000	391
Sign.: 2K 5006	391
Sign.: 2K 5125	391
Sign.: 2K 5133	391
Sign.: 2K 5136	391
Sign.: 2K 5139	391
Sign.: 2K 5140	391
Sign.: 2K 5148	391
Sign.: 2K 5162	391
Sign.: 2K 5173	391
Sign.: 2K 5234	391
Sign.: 2K 5235	391
Sign.: 2K 5241	391
Sign.: 2K 5242	391
Sign.: 2K 5274	391
Sign.: 2K 5362	391
Sign.: 3C 20947	391
Sign.: 3C 21127	391
Sign.: 3C 21308	391
Sign.: 3C 21349	391
Sign.: 3C 21377	391
Sign.: 3C 21413	391
Sign.: 3C 21522	391
Sign.: 3F 10737	391
Sign.: 3F 12851	391
Sign.: 3F 19302	391
Sign.: 3F 2173	391
Sign.: 3F 2283	391
Sign.: 3F 2284	391
Sign.: 3F 2415	391
Sign.: 3F 2588	391
Sign.: 3F 3073; 2D 3788	391
Sign.: 3F 3104	391
Sign.: 3F 3228	391
Sign.: 3F 3499	391
Sign.: 3F 3766	391
Sign.: 3F 4030	391
Sign.: 3F 4367	391
Sign.: 3F 4647	391
Sign.: 3F 5004	391
Sign.: 3F 5005	391
Sign.: 3F 5754	391
Sign.: 3F 5755	391
Sign.: 3H 25486	391
Sign.: AA 10652	391
Sign.: AA 10824	391
Sign.: AA 10832	391
Sign.: AA 10852	391
Sign.: AA 10859	391
Sign.: AA 10860	391
Sign.: AA 10861	391
Sign.: AA 10862	391
Sign.: AA 10863	391
Sign.: AA 10864	391
Sign.: AA 3225	391
Sign.: AA 3227	391
Sign.: AC 73228	391
Sign.: AC 73318	391
Sign.: CB 14816	391
Sign.: CB 14944; 3C 21311	391
Sign.: CB 14989	391
Sign.: CC 6925	391
Sign.: DB 19942	391
Sign.: LD 497	391
Sign.: LD 571	391
Sign.: ND 4412	391
Sign.: ND 4519	391
Sign.: XA 550-1994	391
Sign.: XA 550-1996	391
Sign.: XB 1172-52/53	391
Sign.: XB 1489-1993	391
Sign.: XB 1524-1	391
Sign.: XB 1524-2	391
Sign.: XB 1548-5	391
Sign.: XC 1013-23	391
Sign.: ZC 4209	391
Sign.:2C 3210	391
Sign.:2C 3501	391
Sign.:2E 13419	391
Sign.:CB 15001 u. Z Qu 3772-74	391
Sign: MS 2550/144(2)	391
Soz-Bibl. MS 3000 / 47	391
ULB -	391
ULB MS: XB 813-47,1	391
ULB+ (HA 55)	391
WES 745	391
WIR 40.2 95/25; Haus d. Niederlande	391
WIR 40.2 95/5 Haus d. Niederlande SSG	391
WIR 40.4 95/5 Haus der Niederlande /SSG	391
WIR 40.5 95/3 // Haus d. Niederl. / SSG	391
XA 472	391
XA 50-1995	391
XA 556 - Nicht für d. Ausdruck	391
XA 571 ; nur für Datenbank	391
XA 596-1994	391
XA 617-1; Einzelbeitr. sind als Zs-Beitr. ausgewertet.	391
XA 617-3	391
XA 617-4 : Einzelbeitr. als Zs-Beitr. ausgewertet von D'dorf.	391
XA 632	391
XA 813-46,10	391
XB 1391-1996	391
XB 1462-1992	391
XB 1462-19931̱994	391
XB 1471-1993	391
XB 1471-22	391
XB 1471-26	391
XB 1489	391
XB 1513-1997	391
XB 1656-1993, -1994	391
XB 1656-1996	391
XB 1728 wird nicht ausgewertet	391
XB 1744-1994	391
XB 1747-1994	391
XB 1747-1999	391
XB 1748-1995	391
XB 1749	391
XB 1749-1994	391
XB 1762; Auswertung lohnt nicht	391
XB 1772 Beiträge sind zu kurz zum Aufnehmen	391
XB 1773-1999	391
XB 1775	391
XB 1777 - Nicht für den Ausdruck	391
XB 1785-1994	391
XB 1789-1994; weiteres nicht erschienen	391
XB 1790	391
XB 1791	391
XB 1802-; nur für die Datenbank	391
XB 1818-5	391
XB 1827-3	391
XB 1831	391
XB 1836-1992	391
XB 1837-1993	391
XB 1837-1994	391
XB 1837-1995	391
XB 1838-1,2	391
XB 1840-1995	391
XB 1841	391
XB 1843	391
XB 1844-	391
XB 1847-1997	391
XB 1853-1993-94 ff.	391
XB 1871-1995 ff.	391
XB 1874	391
XB 1875	391
XB 1891-1996	391
XB 1891-1997	391
XB 1937-1994 ff. - Nur für Datenbank!	391
XB 1947	391
XB 1952-1995	391
XB 1952-1996	391
XB 1952-1997	391
XB 1952-1998	391
XB 1968	391
XB 1973-1996	391
XB 1982-5	391
XB 1991-2ff; Nur für Datenbank	391
XB 1998-1995	391
XB 2093-6	391
XB 2097-1996	391
XB 2104-1.2	391
XB 2136-1	391
XB 2136-8	391
XB 2136-9	391
XB 2143	391
XB 2235; Nur für Datenbank!	391
XB 2248-2	391
XB 2264 ; Nur für Datenbank!	391
XB 2273-2	391
XB 2307-1996-97	391
XB 2369-2	391
XB 2372-1997	391
XB 2375-1975	391
XB 2533	391
XB 2601-2000	391
XB 2614	391
XB 601-1992	391
XB 692-1/31	391
XB 966-1994	391
XC 1186-1998	391
XC 1199-87	391
XC 1244-1988	391
XC 1244-1991	391
XC 1244-1991ff	391
XC 1244-1993	391
XC 1283-12	391
XC 1284-1995	391
XC 1287-13	391
XC 1321-10	391
XC 1321-4-7	391
XC 1321-8-9	391
XC 1348-5,4	391
XC 1365-1	391
XC 1365-2	391
XC 1365-3	391
XC 1366-78/79	391
XC 1450-4	391
XC 1473-1993	391
XC 1482-1992	391
XC 1482-1994,2	391
XC 1484-91	391
XC 1491-1994	391
XC 1493-11	391
XC 1493-13	391
XC 1493-9	391
XC 1509	391
XC 1512; Aufsätze zu kurz zum Auswerten	391
XC 1515; keine Aufsätze zum Auswerten	391
XC 1528-16	391
XC 1538	391
XC 1539 ; für Lette gibt es keinen gesonderten Stadtführungsteil	391
XC 1542	391
XC 1565	391
XC 1567	391
XC 1578 ; Nur für die Datenbank	391
XC 1624	391
XC 1656; nur für Datenbank!	391
XC 1679-3	391
XC 1681-1997; LS PAE 9.7 BOC 20	391
XC 1720-25	391
XC 1724-2	391
XC 1724-3	391
XC 1728-25	391
XC 1751-64	391
XC 1751-69	391
XC 1755	391
XC 1808-1998ff	391
XC 1817-4	391
XC 1817-5	391
XC 1817-6	391
XC 1817-7	391
XC 1825-1	391
XC 1833	391
XC 635-1994	391
XC 815 -1996	391
XC 815-1989,2	391
XC 815-1990	391
XC 815-1993	391
XC 815-1994	391
XC 815-1995	391
XC 815-1998	391
YB 356	391
YB 368	391
YB 392	391
YB 443	391
YB 452	391
YB 461	391
YB 471	391
YE 10036	391
YE 10096	391
YH 23414	391
YH 23492	391
YH 23556	391
YH 23643	391
YH 23687	391
YH 23829	391
YH 23876	391
YH 24204	391
YH 24207	391
YH 24287	391
Z QU 2950-50	391
Z QU 3755-45	391
ZB MED WA 541 94/2	391
ZB MED WL 355 91/6	391
ZB Med CB 50135	391
ZB Med CB 50145	391
ZB Med CB 50187	391
ZB SOZ ME 3150/35	391
ZB SOZ MQ 1600/102	391
ZB SOZ MS 1870/47	391
ZB SOZ MS 2700/289	391
ZB SOZ MS 6470/478	391
ZB SOZ, MG 23980/12	391
ZB SOZ, MS 2700/294	391
ZB SOZ: MS 1204/189	391
ZB Soz MF 2600/138	391
ZB Soz MF 9300/60	391
ZB Soz MG 23370/1	391
ZB Soz MG 23735/6 A	391
ZB Soz MG 23910 / 11	391
ZB Soz MQ 2700/69	391
ZB Soz MR 6400 / 54	391
ZB Soz MS 3000/638	391
ZB Soz MS 3050/476	391
ZB Soz MS 6380/209	391
ZB Soz MS 6470/343	391
ZB Soz MS 7750/137	391
ZB Soz, MS 3800/41	391
ZB Soz. MP 8000/36	391
ZB Soz.Wiss MS 3050 / 444	391
ZB Soz: MG 15990/232	391
ZBMED WA 541 97/1	391
ZC 1711-55	391
ZC 1711-56	391
ZC 1711-57	391
ZC 1716	391
ZC 2281-1998	391
ZC 2893-1993	391
ZC 3093-4	391
ZC 3105	391
ZC 3279-1993; ZC 3279-1994	391
ZC 3279-1995	391
ZC 3465	391
ZC 356-14	391
ZC 3611-1995	391
ZC 3698-1988	391
ZC 3781-4	391
ZC 3781-5	391
ZC 3781-6-7	391
ZC 3925-3	391
ZC 4057-10	391
ZC 4057-11	391
ZC 4057-12	391
ZC 4058-10	391
ZC 4058-11	391
ZC 4058-12	391
ZC 4127-1991	391
ZC 4168-1987	391
ZC 4169	391
ZC 4197-1992	391
ZC 4207-1993	391
ZC 4212	391
ZC 4219-2	391
ZC 4232-14	391
ZC 4232-1994	391
ZC 4248-1991	391
ZC 4334-2	391
ZC 4336	391
ZC 4463-1	391
ZC 4463-2	391
ZC 4464-1990	391
ZC 4464-3	391
ZC 4587-1	391
ZC 4600	391
ZC 4671-1	391
ZC 4789	391
ZC 4876	391
ZC 5013-5	391
ZD 1807-1991	391
ZD 1807-1993/94	391
ZD 230-39	391
ZD 2904-24	391
ZD 4094-76	391
ZD 5911-5	391
ZD 6105	391
ZD 6245-56	391
ZD 6245-57	391
ZD 6385	391
ZD 6657-1	391
ZD 6748; nur für Datenbank	391
ZE 1022	391
ZE 1077-1994	391
ZE 1369-35	391
ZE 1895-1989	391
ZE 1895-1997	391
ZE 2058-36	391
ZE 2646-1992	391
ZE 2650-12	391
ZE 2650-13	391
ZE 2650-14	391
ZE 2650-15	391
ZE 2650-17	391
ZE 2709-1998	391
ZE 2810	391
ZE 2881-1994	391
ZE 2953	391
ZE 2975-1	391
ZE 2975-2	391
ZE 3013-13	391
ZE 3066	391
ZE 3139	391
ZE 689	391
ZE 801	391
ZE 917	391
Zweigbibl. Sign.: MS 2880/23	391
Zweigstelle Scharnhorststraße:MS 6470/272	391
bestellt 16.2.94 ; WV 93, B 49,0022	391
geo/b2251 ; Ms:LD 955	391
	391